arrPassenger,depPassenger,passenger,time,year
"1,382","4,495","5,877",00:00 ~ 00:59,2002
"7,307","1,926","9,233",01:00 ~ 01:59,2002
"19,367","1,281","20,648",02:00 ~ 02:59,2002
"25,322","5,332","30,654",03:00 ~ 03:59,2002
"219,775",117,"219,892",04:00 ~ 04:59,2002
"388,173",212,"388,385",05:00 ~ 05:59,2002
"546,652",91,"546,743",06:00 ~ 06:59,2002
"354,576","4,919","359,495",07:00 ~ 07:59,2002
"248,619","104,316","352,935",08:00 ~ 08:59,2002
"87,276","663,568","750,844",09:00 ~ 09:59,2002
"276,105","1,201,311","1,477,416",10:00 ~ 10:59,2002
"873,742","880,673","1,754,415",11:00 ~ 11:59,2002
"552,200","693,417","1,245,617",12:00 ~ 12:59,2002
"361,811","1,085,619","1,447,430",13:00 ~ 13:59,2002
"436,958","523,839","960,797",14:00 ~ 14:59,2002
"775,837","344,089","1,119,926",15:00 ~ 15:59,2002
"810,822","410,782","1,221,604",16:00 ~ 16:59,2002
"1,079,142","482,182","1,561,324",17:00 ~ 17:59,2002
"649,473","420,858","1,070,331",18:00 ~ 18:59,2002
"359,178","782,522","1,141,700",19:00 ~ 19:59,2002
"424,950","825,799","1,250,749",20:00 ~ 20:59,2002
"214,343","252,251","466,594",21:00 ~ 21:59,2002
"22,923","35,863","58,786",22:00 ~ 22:59,2002
"3,311","8,545","11,856",23:00 ~ 23:59,2002
"3,771","2,123","5,894",00:00 ~ 00:59,2003
"3,094","2,288","5,382",01:00 ~ 01:59,2003
"17,070","1,074","18,144",02:00 ~ 02:59,2003
"21,418","4,865","26,283",03:00 ~ 03:59,2003
"190,128",453,"190,581",04:00 ~ 04:59,2003
"373,762",124,"373,886",05:00 ~ 05:59,2003
"440,424",312,"440,736",06:00 ~ 06:59,2003
"375,130","4,454","379,584",07:00 ~ 07:59,2003
"295,948","123,485","419,433",08:00 ~ 08:59,2003
"77,779","609,454","687,233",09:00 ~ 09:59,2003
"259,310","1,083,824","1,343,134",10:00 ~ 10:59,2003
"746,898","915,472","1,662,370",11:00 ~ 11:59,2003
"479,362","588,357","1,067,719",12:00 ~ 12:59,2003
"282,223","1,021,371","1,303,594",13:00 ~ 13:59,2003
"391,990","456,205","848,195",14:00 ~ 14:59,2003
"740,709","354,521","1,095,230",15:00 ~ 15:59,2003
"824,835","338,200","1,163,035",16:00 ~ 16:59,2003
"995,581","384,013","1,379,594",17:00 ~ 17:59,2003
"588,937","442,181","1,031,118",18:00 ~ 18:59,2003
"387,624","670,892","1,058,516",19:00 ~ 19:59,2003
"408,354","831,705","1,240,059",20:00 ~ 20:59,2003
"208,206","275,985","484,191",21:00 ~ 21:59,2003
"16,482","51,016","67,498",22:00 ~ 22:59,2003
"6,794","8,933","15,727",23:00 ~ 23:59,2003
"3,194","3,168","6,362",00:00 ~ 00:59,2004
"4,458","1,608","6,066",01:00 ~ 01:59,2004
"21,887","1,282","23,169",02:00 ~ 02:59,2004
"20,700","4,536","25,236",03:00 ~ 03:59,2004
"277,471","1,106","278,577",04:00 ~ 04:59,2004
"417,307","1,256","418,563",05:00 ~ 05:59,2004
"605,817",155,"605,972",06:00 ~ 06:59,2004
"459,719","2,531","462,250",07:00 ~ 07:59,2004
"308,966","182,688","491,654",08:00 ~ 08:59,2004
"73,167","771,218","844,385",09:00 ~ 09:59,2004
"252,850","1,301,310","1,554,160",10:00 ~ 10:59,2004
"860,360","1,060,800","1,921,160",11:00 ~ 11:59,2004
"561,089","525,882","1,086,971",12:00 ~ 12:59,2004
"289,964","1,064,265","1,354,229",13:00 ~ 13:59,2004
"555,453","654,263","1,209,716",14:00 ~ 14:59,2004
"852,173","332,379","1,184,552",15:00 ~ 15:59,2004
"878,609","344,259","1,222,868",16:00 ~ 16:59,2004
"984,991","595,978","1,580,969",17:00 ~ 17:59,2004
"637,039","522,501","1,159,540",18:00 ~ 18:59,2004
"509,530","732,669","1,242,199",19:00 ~ 19:59,2004
"538,405","885,473","1,423,878",20:00 ~ 20:59,2004
"285,450","387,702","673,152",21:00 ~ 21:59,2004
"42,853","80,546","123,399",22:00 ~ 22:59,2004
"13,924","23,127","37,051",23:00 ~ 23:59,2004
"5,982","47,409","53,391",00:00 ~ 00:59,2005
"16,274","5,228","21,502",01:00 ~ 01:59,2005
"15,191","2,973","18,164",02:00 ~ 02:59,2005
"29,879","2,227","32,106",03:00 ~ 03:59,2005
"299,490",700,"300,190",04:00 ~ 04:59,2005
"434,626",330,"434,956",05:00 ~ 05:59,2005
"696,963",106,"697,069",06:00 ~ 06:59,2005
"458,548",576,"459,124",07:00 ~ 07:59,2005
"316,644","256,139","572,783",08:00 ~ 08:59,2005
"84,673","985,420","1,070,093",09:00 ~ 09:59,2005
"228,822","1,448,393","1,677,215",10:00 ~ 10:59,2005
"918,249","1,050,089","1,968,338",11:00 ~ 11:59,2005
"629,319","585,315","1,214,634",12:00 ~ 12:59,2005
"401,907","1,033,364","1,435,271",13:00 ~ 13:59,2005
"499,651","876,606","1,376,257",14:00 ~ 14:59,2005
"928,344","383,975","1,312,319",15:00 ~ 15:59,2005
"1,018,778","363,097","1,381,875",16:00 ~ 16:59,2005
"1,049,198","528,287","1,577,485",17:00 ~ 17:59,2005
"687,249","678,215","1,365,464",18:00 ~ 18:59,2005
"552,873","750,400","1,303,273",19:00 ~ 19:59,2005
"580,258","972,539","1,552,797",20:00 ~ 20:59,2005
"411,139","423,953","835,092",21:00 ~ 21:59,2005
"109,925","81,221","191,146",22:00 ~ 22:59,2005
"43,662","35,751","79,413",23:00 ~ 23:59,2005
"15,963","48,614","64,577",00:00 ~ 00:59,2006
"6,221","5,582","11,803",01:00 ~ 01:59,2006
"23,379","1,547","24,926",02:00 ~ 02:59,2006
"69,436",382,"69,818",03:00 ~ 03:59,2006
"367,824",793,"368,617",04:00 ~ 04:59,2006
"443,741",0,"443,741",05:00 ~ 05:59,2006
"761,194",516,"761,710",06:00 ~ 06:59,2006
"489,108","2,012","491,120",07:00 ~ 07:59,2006
"479,803","284,734","764,537",08:00 ~ 08:59,2006
"155,095","1,158,633","1,313,728",09:00 ~ 09:59,2006
"140,691","1,515,629","1,656,320",10:00 ~ 10:59,2006
"951,992","974,434","1,926,426",11:00 ~ 11:59,2006
"702,577","577,194","1,279,771",12:00 ~ 12:59,2006
"497,793","998,738","1,496,531",13:00 ~ 13:59,2006
"473,647","989,335","1,462,982",14:00 ~ 14:59,2006
"859,124","519,039","1,378,163",15:00 ~ 15:59,2006
"974,457","320,869","1,295,326",16:00 ~ 16:59,2006
"1,119,613","539,899","1,659,512",17:00 ~ 17:59,2006
"916,345","675,800","1,592,145",18:00 ~ 18:59,2006
"640,037","860,030","1,500,067",19:00 ~ 19:59,2006
"617,260","1,163,690","1,780,950",20:00 ~ 20:59,2006
"403,778","487,906","891,684",21:00 ~ 21:59,2006
"101,828","146,865","248,693",22:00 ~ 22:59,2006
"59,324","73,681","133,005",23:00 ~ 23:59,2006
"68,342","75,793","144,135",00:00 ~ 00:59,2007
"12,371","9,825","22,196",01:00 ~ 01:59,2007
"29,417","3,754","33,171",02:00 ~ 02:59,2007
"95,414","5,261","100,675",03:00 ~ 03:59,2007
"379,791",620,"380,411",04:00 ~ 04:59,2007
"464,188",298,"464,486",05:00 ~ 05:59,2007
"896,701",550,"897,251",06:00 ~ 06:59,2007
"480,624","1,869","482,493",07:00 ~ 07:59,2007
"586,342","411,663","998,005",08:00 ~ 08:59,2007
"183,566","1,338,225","1,521,791",09:00 ~ 09:59,2007
"167,729","1,641,729","1,809,458",10:00 ~ 10:59,2007
"973,359","1,102,757","2,076,116",11:00 ~ 11:59,2007
"857,107","658,653","1,515,760",12:00 ~ 12:59,2007
"629,491","1,051,250","1,680,741",13:00 ~ 13:59,2007
"632,396","1,102,975","1,735,371",14:00 ~ 14:59,2007
"932,380","655,931","1,588,311",15:00 ~ 15:59,2007
"1,179,967","548,684","1,728,651",16:00 ~ 16:59,2007
"1,250,511","544,387","1,794,898",17:00 ~ 17:59,2007
"1,059,403","765,583","1,824,986",18:00 ~ 18:59,2007
"685,940","992,638","1,678,578",19:00 ~ 19:59,2007
"763,863","1,186,771","1,950,634",20:00 ~ 20:59,2007
"436,122","631,953","1,068,075",21:00 ~ 21:59,2007
"116,097","213,560","329,657",22:00 ~ 22:59,2007
"106,438","95,933","202,371",23:00 ~ 23:59,2007
"53,037","80,521","133,558",00:00 ~ 00:59,2008
"11,052","6,045","17,097",01:00 ~ 01:59,2008
"23,115","2,694","25,809",02:00 ~ 02:59,2008
"95,455",363,"95,818",03:00 ~ 03:59,2008
"415,871",243,"416,114",04:00 ~ 04:59,2008
"599,564",545,"600,109",05:00 ~ 05:59,2008
"843,286","1,626","844,912",06:00 ~ 06:59,2008
"457,229","2,627","459,856",07:00 ~ 07:59,2008
"446,583","380,923","827,506",08:00 ~ 08:59,2008
"193,381","1,376,538","1,569,919",09:00 ~ 09:59,2008
"192,350","1,437,236","1,629,586",10:00 ~ 10:59,2008
"1,000,238","942,750","1,942,988",11:00 ~ 11:59,2008
"670,677","665,421","1,336,098",12:00 ~ 12:59,2008
"548,863","1,054,446","1,603,309",13:00 ~ 13:59,2008
"606,015","950,643","1,556,658",14:00 ~ 14:59,2008
"822,991","575,581","1,398,572",15:00 ~ 15:59,2008
"1,263,049","501,971","1,765,020",16:00 ~ 16:59,2008
"1,145,971","486,653","1,632,624",17:00 ~ 17:59,2008
"949,146","782,732","1,731,878",18:00 ~ 18:59,2008
"615,357","1,007,462","1,622,819",19:00 ~ 19:59,2008
"667,126","1,127,296","1,794,422",20:00 ~ 20:59,2008
"363,804","599,401","963,205",21:00 ~ 21:59,2008
"110,830","175,695","286,525",22:00 ~ 22:59,2008
"92,865","52,124","144,989",23:00 ~ 23:59,2008
"39,697","102,940","142,637",00:00 ~ 00:59,2009
"12,663","2,555","15,218",01:00 ~ 01:59,2009
"18,016","3,512","21,528",02:00 ~ 02:59,2009
"102,431",808,"103,239",03:00 ~ 03:59,2009
"468,636",525,"469,161",04:00 ~ 04:59,2009
"600,648",75,"600,723",05:00 ~ 05:59,2009
"778,943","4,354","783,297",06:00 ~ 06:59,2009
"395,262","2,936","398,198",07:00 ~ 07:59,2009
"259,842","478,271","738,113",08:00 ~ 08:59,2009
"134,478","1,433,295","1,567,773",09:00 ~ 09:59,2009
"203,176","1,251,919","1,455,095",10:00 ~ 10:59,2009
"999,777","691,195","1,690,972",11:00 ~ 11:59,2009
"592,997","566,698","1,159,695",12:00 ~ 12:59,2009
"537,861","871,856","1,409,717",13:00 ~ 13:59,2009
"527,967","934,925","1,462,892",14:00 ~ 14:59,2009
"904,688","540,322","1,445,010",15:00 ~ 15:59,2009
"1,105,088","428,430","1,533,518",16:00 ~ 16:59,2009
"1,052,068","493,815","1,545,883",17:00 ~ 17:59,2009
"862,018","638,937","1,500,955",18:00 ~ 18:59,2009
"554,087","1,187,002","1,741,089",19:00 ~ 19:59,2009
"481,957","1,048,448","1,530,405",20:00 ~ 20:59,2009
"338,071","426,729","764,800",21:00 ~ 21:59,2009
"134,073","108,840","242,913",22:00 ~ 22:59,2009
"60,781","53,467","114,248",23:00 ~ 23:59,2009
"61,783","210,887","272,670",00:00 ~ 00:59,2010
"7,715","26,782","34,497",01:00 ~ 01:59,2010
"19,443","4,867","24,310",02:00 ~ 02:59,2010
"160,177","2,256","162,433",03:00 ~ 03:59,2010
"495,218","1,871","497,089",04:00 ~ 04:59,2010
"787,683",0,"787,683",05:00 ~ 05:59,2010
"963,877",469,"964,346",06:00 ~ 06:59,2010
"552,689",812,"553,501",07:00 ~ 07:59,2010
"314,467","604,056","918,523",08:00 ~ 08:59,2010
"161,270","1,700,789","1,862,059",09:00 ~ 09:59,2010
"257,595","1,655,969","1,913,564",10:00 ~ 10:59,2010
"1,026,215","831,233","1,857,448",11:00 ~ 11:59,2010
"648,442","743,935","1,392,377",12:00 ~ 12:59,2010
"673,553","954,387","1,627,940",13:00 ~ 13:59,2010
"682,846","945,730","1,628,576",14:00 ~ 14:59,2010
"1,089,161","603,602","1,692,763",15:00 ~ 15:59,2010
"1,347,044","563,449","1,910,493",16:00 ~ 16:59,2010
"1,243,943","660,778","1,904,721",17:00 ~ 17:59,2010
"897,681","691,355","1,589,036",18:00 ~ 18:59,2010
"741,917","1,246,165","1,988,082",19:00 ~ 19:59,2010
"636,174","1,268,133","1,904,307",20:00 ~ 20:59,2010
"487,176","526,491","1,013,667",21:00 ~ 21:59,2010
"185,038","151,942","336,980",22:00 ~ 22:59,2010
"68,276","68,868","137,144",23:00 ~ 23:59,2010
"72,906","246,527","319,433",00:00 ~ 00:59,2011
"5,848","56,451","62,299",01:00 ~ 01:59,2011
"3,925","11,962","15,887",02:00 ~ 02:59,2011
"97,657","1,515","99,172",03:00 ~ 03:59,2011
"444,414",974,"445,388",04:00 ~ 04:59,2011
"835,138","1,250","836,388",05:00 ~ 05:59,2011
"1,161,654",522,"1,162,176",06:00 ~ 06:59,2011
"599,041","41,556","640,597",07:00 ~ 07:59,2011
"501,526","655,049","1,156,575",08:00 ~ 08:59,2011
"195,608","1,679,503","1,875,111",09:00 ~ 09:59,2011
"271,255","1,645,345","1,916,600",10:00 ~ 10:59,2011
"1,061,498","915,124","1,976,622",11:00 ~ 11:59,2011
"652,052","669,057","1,321,109",12:00 ~ 12:59,2011
"690,706","952,129","1,642,835",13:00 ~ 13:59,2011
"771,574","885,921","1,657,495",14:00 ~ 14:59,2011
"945,931","749,312","1,695,243",15:00 ~ 15:59,2011
"1,354,558","543,999","1,898,557",16:00 ~ 16:59,2011
"1,244,242","588,817","1,833,059",17:00 ~ 17:59,2011
"894,320","775,045","1,669,365",18:00 ~ 18:59,2011
"691,835","1,210,330","1,902,165",19:00 ~ 19:59,2011
"762,511","1,204,708","1,967,219",20:00 ~ 20:59,2011
"566,656","703,152","1,269,808",21:00 ~ 21:59,2011
"189,135","222,317","411,452",22:00 ~ 22:59,2011
"43,935","175,892","219,827",23:00 ~ 23:59,2011
"89,329","317,800","407,129",00:00 ~ 00:59,2012
"16,184","59,060","75,244",01:00 ~ 01:59,2012
"5,291","15,499","20,790",02:00 ~ 02:59,2012
"100,682","7,350","108,032",03:00 ~ 03:59,2012
"555,381","2,632","558,013",04:00 ~ 04:59,2012
"937,926",657,"938,583",05:00 ~ 05:59,2012
"1,260,825","1,635","1,262,460",06:00 ~ 06:59,2012
"630,480","52,374","682,854",07:00 ~ 07:59,2012
"636,054","902,659","1,538,713",08:00 ~ 08:59,2012
"251,653","1,759,839","2,011,492",09:00 ~ 09:59,2012
"339,131","1,707,704","2,046,835",10:00 ~ 10:59,2012
"1,099,689","941,570","2,041,259",11:00 ~ 11:59,2012
"695,740","658,939","1,354,679",12:00 ~ 12:59,2012
"794,582","1,047,074","1,841,656",13:00 ~ 13:59,2012
"788,987","1,025,547","1,814,534",14:00 ~ 14:59,2012
"1,010,060","858,193","1,868,253",15:00 ~ 15:59,2012
"1,448,380","553,769","2,002,149",16:00 ~ 16:59,2012
"1,360,043","790,081","2,150,124",17:00 ~ 17:59,2012
"1,022,029","858,774","1,880,803",18:00 ~ 18:59,2012
"733,850","1,205,025","1,938,875",19:00 ~ 19:59,2012
"783,257","1,329,634","2,112,891",20:00 ~ 20:59,2012
"550,055","889,527","1,439,582",21:00 ~ 21:59,2012
"288,050","281,550","569,600",22:00 ~ 22:59,2012
"50,639","158,031","208,670",23:00 ~ 23:59,2012
"68,033","294,882","362,915",00:00 ~ 00:59,2013
"10,949","105,268","116,217",01:00 ~ 01:59,2013
"7,775","12,070","19,845",02:00 ~ 02:59,2013
"84,674","4,628","89,302",03:00 ~ 03:59,2013
"505,276","2,655","507,931",04:00 ~ 04:59,2013
"1,125,990",835,"1,126,825",05:00 ~ 05:59,2013
"1,347,923",629,"1,348,552",06:00 ~ 06:59,2013
"735,072","40,936","776,008",07:00 ~ 07:59,2013
"687,424","1,037,140","1,724,564",08:00 ~ 08:59,2013
"316,646","1,809,104","2,125,750",09:00 ~ 09:59,2013
"351,732","1,896,260","2,247,992",10:00 ~ 10:59,2013
"1,037,629","919,849","1,957,478",11:00 ~ 11:59,2013
"784,224","610,790","1,395,014",12:00 ~ 12:59,2013
"803,031","1,110,631","1,913,662",13:00 ~ 13:59,2013
"845,376","1,125,625","1,971,001",14:00 ~ 14:59,2013
"1,081,357","952,375","2,033,732",15:00 ~ 15:59,2013
"1,544,688","605,283","2,149,971",16:00 ~ 16:59,2013
"1,362,401","888,243","2,250,644",17:00 ~ 17:59,2013
"1,106,313","721,982","1,828,295",18:00 ~ 18:59,2013
"784,422","1,309,460","2,093,882",19:00 ~ 19:59,2013
"837,694","1,374,937","2,212,631",20:00 ~ 20:59,2013
"535,749","841,793","1,377,542",21:00 ~ 21:59,2013
"278,867","332,567","611,434",22:00 ~ 22:59,2013
"39,198","207,423","246,621",23:00 ~ 23:59,2013
"61,107","328,503","389,610",00:00 ~ 00:59,2014
"16,767","174,370","191,137",01:00 ~ 01:59,2014
"30,386","17,967","48,353",02:00 ~ 02:59,2014
"71,674","11,263","82,937",03:00 ~ 03:59,2014
"534,707","25,360","560,067",04:00 ~ 04:59,2014
"1,109,402","2,828","1,112,230",05:00 ~ 05:59,2014
"1,496,837",962,"1,497,799",06:00 ~ 06:59,2014
"844,229","30,571","874,800",07:00 ~ 07:59,2014
"743,381","1,157,935","1,901,316",08:00 ~ 08:59,2014
"405,282","2,076,790","2,482,072",09:00 ~ 09:59,2014
"441,781","1,959,690","2,401,471",10:00 ~ 10:59,2014
"1,183,828","1,164,490","2,348,318",11:00 ~ 11:59,2014
"926,527","922,790","1,849,317",12:00 ~ 12:59,2014
"878,332","1,348,268","2,226,600",13:00 ~ 13:59,2014
"1,012,121","1,167,353","2,179,474",14:00 ~ 14:59,2014
"1,201,728","1,193,959","2,395,687",15:00 ~ 15:59,2014
"1,681,345","642,254","2,323,599",16:00 ~ 16:59,2014
"1,630,612","903,888","2,534,500",17:00 ~ 17:59,2014
"1,293,469","848,974","2,142,443",18:00 ~ 18:59,2014
"1,040,024","1,347,747","2,387,771",19:00 ~ 19:59,2014
"1,005,790","1,454,433","2,460,223",20:00 ~ 20:59,2014
"634,569","1,020,218","1,654,787",21:00 ~ 21:59,2014
"331,675","434,240","765,915",22:00 ~ 22:59,2014
"50,806","249,935","300,741",23:00 ~ 23:59,2014
"75,460","381,634","457,094",00:00 ~ 00:59,2015
"20,471","111,928","132,399",01:00 ~ 01:59,2015
"32,233","19,224","51,457",02:00 ~ 02:59,2015
"78,576","5,562","84,138",03:00 ~ 03:59,2015
"630,407","34,229","664,636",04:00 ~ 04:59,2015
"1,207,941","1,320","1,209,261",05:00 ~ 05:59,2015
"1,535,073",461,"1,535,534",06:00 ~ 06:59,2015
"897,685","56,500","954,185",07:00 ~ 07:59,2015
"790,582","1,373,747","2,164,329",08:00 ~ 08:59,2015
"565,556","2,193,795","2,759,351",09:00 ~ 09:59,2015
"538,383","2,062,477","2,600,860",10:00 ~ 10:59,2015
"1,205,878","1,357,915","2,563,793",11:00 ~ 11:59,2015
"996,362","940,714","1,937,076",12:00 ~ 12:59,2015
"922,250","1,524,039","2,446,289",13:00 ~ 13:59,2015
"1,222,602","1,382,194","2,604,796",14:00 ~ 14:59,2015
"1,421,003","1,324,980","2,745,983",15:00 ~ 15:59,2015
"1,772,123","857,163","2,629,286",16:00 ~ 16:59,2015
"1,709,576","908,065","2,617,641",17:00 ~ 17:59,2015
"1,415,567","832,860","2,248,427",18:00 ~ 18:59,2015
"1,149,744","1,408,678","2,558,422",19:00 ~ 19:59,2015
"1,091,052","1,531,365","2,622,417",20:00 ~ 20:59,2015
"654,209","1,157,914","1,812,123",21:00 ~ 21:59,2015
"343,690","651,511","995,201",22:00 ~ 22:59,2015
"59,365","279,391","338,756",23:00 ~ 23:59,2015
"70,285","415,417","485,702",00:00 ~ 00:59,2016
"27,555","158,915","186,470",01:00 ~ 01:59,2016
"51,593","11,573","63,166",02:00 ~ 02:59,2016
"99,619","6,653","106,272",03:00 ~ 03:59,2016
"733,037","50,717","783,754",04:00 ~ 04:59,2016
"1,446,417","4,460","1,450,877",05:00 ~ 05:59,2016
"1,650,341","15,292","1,665,633",06:00 ~ 06:59,2016
"1,116,156","349,461","1,465,617",07:00 ~ 07:59,2016
"1,040,794","1,654,257","2,695,051",08:00 ~ 08:59,2016
"822,896","2,479,335","3,302,231",09:00 ~ 09:59,2016
"668,720","2,251,546","2,920,266",10:00 ~ 10:59,2016
"1,407,657","1,600,001","3,007,658",11:00 ~ 11:59,2016
"1,258,581","1,286,112","2,544,693",12:00 ~ 12:59,2016
"1,180,654","1,668,895","2,849,549",13:00 ~ 13:59,2016
"1,362,679","1,626,983","2,989,662",14:00 ~ 14:59,2016
"1,732,827","1,577,599","3,310,426",15:00 ~ 15:59,2016
"2,110,585","1,144,813","3,255,398",16:00 ~ 16:59,2016
"2,052,606","1,086,376","3,138,982",17:00 ~ 17:59,2016
"1,639,190","1,118,476","2,757,666",18:00 ~ 18:59,2016
"1,382,318","1,616,498","2,998,816",19:00 ~ 19:59,2016
"1,297,615","1,741,323","3,038,938",20:00 ~ 20:59,2016
"1,012,086","1,457,647","2,469,733",21:00 ~ 21:59,2016
"473,531","1,014,797","1,488,328",22:00 ~ 22:59,2016
"119,333","501,756","621,089",23:00 ~ 23:59,2016
"87,606","467,717","555,323",00:00 ~ 00:59,2017
"25,533","232,177","257,710",01:00 ~ 01:59,2017
"44,279","55,853","100,132",02:00 ~ 02:59,2017
"116,207","16,528","132,735",03:00 ~ 03:59,2017
"796,136","42,064","838,200",04:00 ~ 04:59,2017
"1,456,585","18,061","1,474,646",05:00 ~ 05:59,2017
"1,956,723","71,480","2,028,203",06:00 ~ 06:59,2017
"1,298,616","711,189","2,009,805",07:00 ~ 07:59,2017
"1,124,008","1,836,641","2,960,649",08:00 ~ 08:59,2017
"974,891","2,325,212","3,300,103",09:00 ~ 09:59,2017
"800,065","2,453,920","3,253,985",10:00 ~ 10:59,2017
"1,319,021","1,683,606","3,002,627",11:00 ~ 11:59,2017
"1,365,110","1,374,006","2,739,116",12:00 ~ 12:59,2017
"1,164,147","1,697,798","2,861,945",13:00 ~ 13:59,2017
"1,429,902","1,765,988","3,195,890",14:00 ~ 14:59,2017
"1,752,166","1,565,863","3,318,029",15:00 ~ 15:59,2017
"2,100,978","1,244,567","3,345,545",16:00 ~ 16:59,2017
"2,108,675","1,123,413","3,232,088",17:00 ~ 17:59,2017
"1,792,603","1,207,868","3,000,471",18:00 ~ 18:59,2017
"1,420,205","1,867,061","3,287,266",19:00 ~ 19:59,2017
"1,282,437","1,832,907","3,115,344",20:00 ~ 20:59,2017
"1,224,227","1,433,249","2,657,476",21:00 ~ 21:59,2017
"658,899","1,046,863","1,705,762",22:00 ~ 22:59,2017
"253,864","623,016","876,880",23:00 ~ 23:59,2017
"153,150","620,974","774,124",00:00 ~ 00:59,2018
"39,674","276,008","315,682",01:00 ~ 01:59,2018
"22,114","123,325","145,439",02:00 ~ 02:59,2018
"289,588","94,030","383,618",03:00 ~ 03:59,2018
"1,061,755","5,510","1,067,265",04:00 ~ 04:59,2018
"1,720,363","42,986","1,763,349",05:00 ~ 05:59,2018
"1,909,631","302,958","2,212,589",06:00 ~ 06:59,2018
"1,374,850","1,025,117","2,399,967",07:00 ~ 07:59,2018
"1,208,749","2,051,345","3,260,094",08:00 ~ 08:59,2018
"1,087,912","2,432,633","3,520,545",09:00 ~ 09:59,2018
"931,538","2,559,864","3,491,402",10:00 ~ 10:59,2018
"1,674,950","1,876,033","3,550,983",11:00 ~ 11:59,2018
"1,415,797","1,467,289","2,883,086",12:00 ~ 12:59,2018
"1,279,182","1,831,457","3,110,639",13:00 ~ 13:59,2018
"1,588,570","1,734,022","3,322,592",14:00 ~ 14:59,2018
"1,935,615","1,681,521","3,617,136",15:00 ~ 15:59,2018
"2,292,928","1,566,268","3,859,196",16:00 ~ 16:59,2018
"2,123,525","1,307,562","3,431,087",17:00 ~ 17:59,2018
"1,774,240","1,274,298","3,048,538",18:00 ~ 18:59,2018
"1,534,128","1,999,108","3,533,236",19:00 ~ 19:59,2018
"1,471,296","1,968,063","3,439,359",20:00 ~ 20:59,2018
"1,359,351","1,510,384","2,869,735",21:00 ~ 21:59,2018
"979,291","1,163,805","2,143,096",22:00 ~ 22:59,2018
"306,403","761,130","1,067,533",23:00 ~ 23:59,2018
"161,770","765,120","926,890",00:00 ~ 00:59,2019
"27,304","459,930","487,234",01:00 ~ 01:59,2019
"31,803","93,126","124,929",02:00 ~ 02:59,2019
"399,096","36,976","436,072",03:00 ~ 03:59,2019
"1,262,846","8,334","1,271,180",04:00 ~ 04:59,2019
"1,928,393","38,224","1,966,617",05:00 ~ 05:59,2019
"1,984,669","484,967","2,469,636",06:00 ~ 06:59,2019
"1,454,953","1,110,344","2,565,297",07:00 ~ 07:59,2019
"1,221,400","1,914,577","3,135,977",08:00 ~ 08:59,2019
"1,071,986","2,411,655","3,483,641",09:00 ~ 09:59,2019
"961,833","2,823,691","3,785,524",10:00 ~ 10:59,2019
"1,696,086","1,968,883","3,664,969",11:00 ~ 11:59,2019
"1,314,423","1,761,889","3,076,312",12:00 ~ 12:59,2019
"1,525,690","1,808,476","3,334,166",13:00 ~ 13:59,2019
"1,532,398","1,830,350","3,362,748",14:00 ~ 14:59,2019
"1,973,709","1,589,309","3,563,018",15:00 ~ 15:59,2019
"2,275,538","1,461,596","3,737,134",16:00 ~ 16:59,2019
"2,251,575","1,304,967","3,556,542",17:00 ~ 17:59,2019
"1,571,281","1,366,805","2,938,086",18:00 ~ 18:59,2019
"1,630,262","1,927,945","3,558,207",19:00 ~ 19:59,2019
"1,653,101","2,008,882","3,661,983",20:00 ~ 20:59,2019
"1,420,593","1,653,035","3,073,628",21:00 ~ 21:59,2019
"1,147,900","1,222,482","2,370,382",22:00 ~ 22:59,2019
"356,892","942,993","1,299,885",23:00 ~ 23:59,2019
"26,194","190,681","216,875",00:00 ~ 00:59,2020
"8,432","52,761","61,193",01:00 ~ 01:59,2020
"1,043","18,727","19,770",02:00 ~ 02:59,2020
"44,093","2,510","46,603",03:00 ~ 03:59,2020
"225,000",583,"225,583",04:00 ~ 04:59,2020
"328,988","5,138","334,126",05:00 ~ 05:59,2020
"338,156","67,313","405,469",06:00 ~ 06:59,2020
"241,134","154,305","395,439",07:00 ~ 07:59,2020
"222,768","261,160","483,928",08:00 ~ 08:59,2020
"159,927","342,012","501,939",09:00 ~ 09:59,2020
"136,293","437,889","574,182",10:00 ~ 10:59,2020
"218,734","335,708","554,442",11:00 ~ 11:59,2020
"151,110","262,489","413,599",12:00 ~ 12:59,2020
"207,600","284,931","492,531",13:00 ~ 13:59,2020
"265,418","216,221","481,639",14:00 ~ 14:59,2020
"347,938","242,000","589,938",15:00 ~ 15:59,2020
"453,465","220,348","673,813",16:00 ~ 16:59,2020
"378,852","169,716","548,568",17:00 ~ 17:59,2020
"216,376","251,283","467,659",18:00 ~ 18:59,2020
"274,050","291,427","565,477",19:00 ~ 19:59,2020
"224,576","314,973","539,549",20:00 ~ 20:59,2020
"207,365","222,207","429,572",21:00 ~ 21:59,2020
"178,653","168,437","347,090",22:00 ~ 22:59,2020
"58,295","160,683","218,978",23:00 ~ 23:59,2020
90,"78,745","78,835",00:00 ~ 00:59,2021
143,"49,426","49,569",01:00 ~ 01:59,2021
"1,419","10,122","11,541",02:00 ~ 02:59,2021
"25,948",330,"26,278",03:00 ~ 03:59,2021
"83,331",347,"83,678",04:00 ~ 04:59,2021
"62,263",0,"62,263",05:00 ~ 05:59,2021
"57,746",161,"57,907",06:00 ~ 06:59,2021
"43,267","7,414","50,681",07:00 ~ 07:59,2021
"50,245","41,630","91,875",08:00 ~ 08:59,2021
"37,279","101,419","138,698",09:00 ~ 09:59,2021
"9,492","174,760","184,252",10:00 ~ 10:59,2021
"59,389","71,585","130,974",11:00 ~ 11:59,2021
"34,829","37,526","72,355",12:00 ~ 12:59,2021
"38,376","61,432","99,808",13:00 ~ 13:59,2021
"94,925","89,497","184,422",14:00 ~ 14:59,2021
"159,151","48,825","207,976",15:00 ~ 15:59,2021
"225,682","46,706","272,388",16:00 ~ 16:59,2021
"132,564","47,830","180,394",17:00 ~ 17:59,2021
"57,750","86,235","143,985",18:00 ~ 18:59,2021
"28,786","89,480","118,266",19:00 ~ 19:59,2021
"5,287","82,059","87,346",20:00 ~ 20:59,2021
"2,120","34,851","36,971",21:00 ~ 21:59,2021
685,"1,234","1,919",22:00 ~ 22:59,2021
"1,553","47,973","49,526",23:00 ~ 23:59,2021
"16,193","184,661","200,854",00:00 ~ 00:59,2022
"3,296","134,583","137,879",01:00 ~ 01:59,2022
"2,325","44,308","46,633",02:00 ~ 02:59,2022
"68,218","6,260","74,478",03:00 ~ 03:59,2022
"309,363","1,133","310,496",04:00 ~ 04:59,2022
"418,506",474,"418,980",05:00 ~ 05:59,2022
"633,244","36,508","669,752",06:00 ~ 06:59,2022
"544,379","178,075","722,454",07:00 ~ 07:59,2022
"459,865","377,976","837,841",08:00 ~ 08:59,2022
"359,986","671,986","1,031,972",09:00 ~ 09:59,2022
"192,713","894,075","1,086,788",10:00 ~ 10:59,2022
"229,804","702,906","932,710",11:00 ~ 11:59,2022
"160,341","325,224","485,565",12:00 ~ 12:59,2022
"295,681","211,742","507,423",13:00 ~ 13:59,2022
"291,204","207,738","498,942",14:00 ~ 14:59,2022
"472,789","312,280","785,069",15:00 ~ 15:59,2022
"745,867","285,887","1,031,754",16:00 ~ 16:59,2022
"798,325","307,032","1,105,357",17:00 ~ 17:59,2022
"425,813","370,043","795,856",18:00 ~ 18:59,2022
"368,228","506,075","874,303",19:00 ~ 19:59,2022
"167,685","623,940","791,625",20:00 ~ 20:59,2022
"162,315","444,945","607,260",21:00 ~ 21:59,2022
"75,914","130,577","206,491",22:00 ~ 22:59,2022
"28,222","211,505","239,727",23:00 ~ 23:59,2022
"143,276","359,366","502,642",00:00 ~ 00:59,2023
"55,352","293,471","348,823",01:00 ~ 01:59,2023
"14,641","217,365","232,006",02:00 ~ 02:59,2023
"162,873","39,194","202,067",03:00 ~ 03:59,2023
"822,497","4,713","827,210",04:00 ~ 04:59,2023
"1,348,446","2,549","1,350,995",05:00 ~ 05:59,2023
"1,725,466","282,388","2,007,854",06:00 ~ 06:59,2023
"1,297,405","903,246","2,200,651",07:00 ~ 07:59,2023
"1,003,093","1,739,858","2,742,951",08:00 ~ 08:59,2023
"912,837","1,876,645","2,789,482",09:00 ~ 09:59,2023
"805,210","2,048,871","2,854,081",10:00 ~ 10:59,2023
"1,066,261","1,723,127","2,789,388",11:00 ~ 11:59,2023
"1,088,062","1,500,645","2,588,707",12:00 ~ 12:59,2023
"1,162,809","1,303,897","2,466,706",13:00 ~ 13:59,2023
"1,225,399","1,129,044","2,354,443",14:00 ~ 14:59,2023
"1,637,641","1,280,472","2,918,113",15:00 ~ 15:59,2023
"1,869,141","1,099,849","2,968,990",16:00 ~ 16:59,2023
"1,848,431","1,096,588","2,945,019",17:00 ~ 17:59,2023
"1,402,863","1,152,356","2,555,219",18:00 ~ 18:59,2023
"1,138,639","1,283,206","2,421,845",19:00 ~ 19:59,2023
"1,143,306","1,562,423","2,705,729",20:00 ~ 20:59,2023
"1,098,553","1,452,712","2,551,265",21:00 ~ 21:59,2023
"677,829","862,999","1,540,828",22:00 ~ 22:59,2023
"235,178","680,009","915,187",23:00 ~ 23:59,2023
"167,445","500,140","667,585",00:00 ~ 00:59,2024
"80,436","383,077","463,513",01:00 ~ 01:59,2024
"33,077","170,530","203,607",02:00 ~ 02:59,2024
"236,048","33,643","269,691",03:00 ~ 03:59,2024
"1,033,422","12,736","1,046,158",04:00 ~ 04:59,2024
"1,598,317","30,153","1,628,470",05:00 ~ 05:59,2024
"1,946,813","259,463","2,206,276",06:00 ~ 06:59,2024
"1,665,930","1,139,619","2,805,549",07:00 ~ 07:59,2024
"1,166,299","2,242,411","3,408,710",08:00 ~ 08:59,2024
"1,271,133","2,492,189","3,763,322",09:00 ~ 09:59,2024
"973,431","2,704,457","3,677,888",10:00 ~ 10:59,2024
"1,484,872","2,034,356","3,519,228",11:00 ~ 11:59,2024
"1,437,059","1,952,138","3,389,197",12:00 ~ 12:59,2024
"1,658,471","1,759,148","3,417,619",13:00 ~ 13:59,2024
"1,807,746","1,549,814","3,357,560",14:00 ~ 14:59,2024
"1,961,060","1,720,947","3,682,007",15:00 ~ 15:59,2024
"2,210,000","1,656,521","3,866,521",16:00 ~ 16:59,2024
"2,339,097","1,468,842","3,807,939",17:00 ~ 17:59,2024
"1,723,697","1,444,069","3,167,766",18:00 ~ 18:59,2024
"1,608,552","1,659,094","3,267,646",19:00 ~ 19:59,2024
"1,760,268","1,700,604","3,460,872",20:00 ~ 20:59,2024
"1,559,155","1,842,255","3,401,410",21:00 ~ 21:59,2024
"968,440","1,415,064","2,383,504",22:00 ~ 22:59,2024
"392,386","924,146","1,316,532",23:00 ~ 23:59,2024
"189,393","504,645","694,038",00:00 ~ 00:59,2025
"140,243","271,205","411,448",01:00 ~ 01:59,2025
"32,125","205,180","237,305",02:00 ~ 02:59,2025
"268,879","45,230","314,109",03:00 ~ 03:59,2025
"1,070,553","11,104","1,081,657",04:00 ~ 04:59,2025
"1,791,356","56,570","1,847,926",05:00 ~ 05:59,2025
"2,031,097","319,495","2,350,592",06:00 ~ 06:59,2025
"1,593,163","1,282,403","2,875,566",07:00 ~ 07:59,2025
"1,005,107","2,414,583","3,419,690",08:00 ~ 08:59,2025
"965,961","2,771,698","3,737,659",09:00 ~ 09:59,2025
"1,141,583","2,897,674","4,039,257",10:00 ~ 10:59,2025
"1,603,743","2,245,129","3,848,872",11:00 ~ 11:59,2025
"1,534,123","2,062,348","3,596,471",12:00 ~ 12:59,2025
"1,773,061","1,901,812","3,674,873",13:00 ~ 13:59,2025
"1,963,754","1,597,829","3,561,583",14:00 ~ 14:59,2025
"2,187,073","1,805,074","3,992,147",15:00 ~ 15:59,2025
"2,417,751","1,739,179","4,156,930",16:00 ~ 16:59,2025
"2,524,624","1,646,371","4,170,995",17:00 ~ 17:59,2025
"1,741,705","1,587,882","3,329,587",18:00 ~ 18:59,2025
"1,781,904","1,697,048","3,478,952",19:00 ~ 19:59,2025
"1,874,683","1,780,451","3,655,134",20:00 ~ 20:59,2025
"1,735,627","1,847,341","3,582,968",21:00 ~ 21:59,2025
"958,896","1,291,886","2,250,782",22:00 ~ 22:59,2025
"363,126","770,088","1,133,214",23:00 ~ 23:59,2025
