arrBaggage,baggage,depBaggage,time,year
20,61,41,00:00 ~ 00:59,2002
11,48,37,01:00 ~ 01:59,2002
59,76,16,02:00 ~ 02:59,2002
131,131,0,03:00 ~ 03:59,2002
"5,594","5,596",2,04:00 ~ 04:59,2002
"7,021","7,027",6,05:00 ~ 05:59,2002
"11,084","11,084",0,06:00 ~ 06:59,2002
"7,498","7,570",71,07:00 ~ 07:59,2002
"6,668","8,315","1,647",08:00 ~ 08:59,2002
"4,520","22,445","17,925",09:00 ~ 09:59,2002
"9,901","30,778","20,878",10:00 ~ 10:59,2002
"18,742","30,629","11,887",11:00 ~ 11:59,2002
"16,474","37,466","20,992",12:00 ~ 12:59,2002
"9,268","40,610","31,342",13:00 ~ 13:59,2002
"10,102","22,344","12,243",14:00 ~ 14:59,2002
"10,198","20,743","10,545",15:00 ~ 15:59,2002
"14,262","22,286","8,024",16:00 ~ 16:59,2002
"16,219","26,014","9,796",17:00 ~ 17:59,2002
"11,266","21,800","10,533",18:00 ~ 18:59,2002
"9,816","28,814","18,998",19:00 ~ 19:59,2002
"14,785","34,438","19,652",20:00 ~ 20:59,2002
"3,672","7,714","4,043",21:00 ~ 21:59,2002
353,998,645,22:00 ~ 22:59,2002
63,283,219,23:00 ~ 23:59,2002
44,67,23,00:00 ~ 00:59,2003
8,37,29,01:00 ~ 01:59,2003
33,44,11,02:00 ~ 02:59,2003
93,118,25,03:00 ~ 03:59,2003
"8,037","8,037",0,04:00 ~ 04:59,2003
"7,664","7,678",14,05:00 ~ 05:59,2003
"8,570","8,571",1,06:00 ~ 06:59,2003
"7,156","7,199",43,07:00 ~ 07:59,2003
"7,127","9,828","2,701",08:00 ~ 08:59,2003
"3,997","25,135","21,139",09:00 ~ 09:59,2003
"8,904","32,690","23,786",10:00 ~ 10:59,2003
"20,971","34,874","13,903",11:00 ~ 11:59,2003
"15,115","34,120","19,005",12:00 ~ 12:59,2003
"6,637","40,629","33,992",13:00 ~ 13:59,2003
"8,901","20,800","11,899",14:00 ~ 14:59,2003
"12,877","22,872","9,995",15:00 ~ 15:59,2003
"13,157","19,440","6,283",16:00 ~ 16:59,2003
"12,867","22,012","9,145",17:00 ~ 17:59,2003
"9,436","19,070","9,634",18:00 ~ 18:59,2003
"7,936","28,820","20,884",19:00 ~ 19:59,2003
"13,059","33,700","20,640",20:00 ~ 20:59,2003
"4,320","9,952","5,632",21:00 ~ 21:59,2003
307,"1,119",812,22:00 ~ 22:59,2003
75,305,230,23:00 ~ 23:59,2003
59,134,75,00:00 ~ 00:59,2004
44,66,21,01:00 ~ 01:59,2004
63,74,12,02:00 ~ 02:59,2004
116,216,100,03:00 ~ 03:59,2004
"10,539","10,606",68,04:00 ~ 04:59,2004
"7,821","7,822",2,05:00 ~ 05:59,2004
"11,063","11,063",0,06:00 ~ 06:59,2004
"8,335","8,387",52,07:00 ~ 07:59,2004
"9,029","11,682","2,653",08:00 ~ 08:59,2004
900,"20,331","19,431",09:00 ~ 09:59,2004
"6,062","32,296","26,234",10:00 ~ 10:59,2004
"19,736","36,689","16,953",11:00 ~ 11:59,2004
"16,606","29,075","12,469",12:00 ~ 12:59,2004
"6,065","37,160","31,095",13:00 ~ 13:59,2004
"9,682","25,939","16,257",14:00 ~ 14:59,2004
"12,111","21,618","9,507",15:00 ~ 15:59,2004
"10,341","18,242","7,901",16:00 ~ 16:59,2004
"11,830","23,608","11,778",17:00 ~ 17:59,2004
"9,439","19,481","10,042",18:00 ~ 18:59,2004
"9,332","28,895","19,563",19:00 ~ 19:59,2004
"14,174","40,104","25,930",20:00 ~ 20:59,2004
"4,959","14,247","9,288",21:00 ~ 21:59,2004
659,"1,576",916,22:00 ~ 22:59,2004
208,792,584,23:00 ~ 23:59,2004
101,"2,633","2,532",00:00 ~ 00:59,2005
61,308,247,01:00 ~ 01:59,2005
20,143,123,02:00 ~ 02:59,2005
176,215,39,03:00 ~ 03:59,2005
"11,097","11,135",39,04:00 ~ 04:59,2005
"7,882","7,890",7,05:00 ~ 05:59,2005
"15,020","15,026",6,06:00 ~ 06:59,2005
"9,624","9,626",2,07:00 ~ 07:59,2005
"9,407","12,203","2,795",08:00 ~ 08:59,2005
"3,824","27,758","23,935",09:00 ~ 09:59,2005
"6,302","36,163","29,861",10:00 ~ 10:59,2005
"19,811","37,848","18,037",11:00 ~ 11:59,2005
"15,985","29,484","13,499",12:00 ~ 12:59,2005
"6,722","32,265","25,543",13:00 ~ 13:59,2005
"11,063","30,520","19,457",14:00 ~ 14:59,2005
"16,137","25,742","9,605",15:00 ~ 15:59,2005
"14,298","24,074","9,775",16:00 ~ 16:59,2005
"11,466","22,813","11,347",17:00 ~ 17:59,2005
"11,057","21,920","10,864",18:00 ~ 18:59,2005
"9,283","27,116","17,833",19:00 ~ 19:59,2005
"14,179","39,235","25,056",20:00 ~ 20:59,2005
"7,389","17,200","9,811",21:00 ~ 21:59,2005
"1,877","3,053","1,175",22:00 ~ 22:59,2005
737,"1,469",732,23:00 ~ 23:59,2005
229,"2,408","2,179",00:00 ~ 00:59,2006
17,234,217,01:00 ~ 01:59,2006
87,102,15,02:00 ~ 02:59,2006
239,239,0,03:00 ~ 03:59,2006
"15,516","15,516",0,04:00 ~ 04:59,2006
"7,040","7,040",0,05:00 ~ 05:59,2006
"14,086","14,091",5,06:00 ~ 06:59,2006
"10,792","10,852",60,07:00 ~ 07:59,2006
"11,938","14,805","2,867",08:00 ~ 08:59,2006
"1,085","26,935","25,850",09:00 ~ 09:59,2006
"3,384","32,830","29,445",10:00 ~ 10:59,2006
"26,907","41,546","14,639",11:00 ~ 11:59,2006
"20,375","29,537","9,162",12:00 ~ 12:59,2006
"8,707","28,429","19,721",13:00 ~ 13:59,2006
"9,747","33,398","23,651",14:00 ~ 14:59,2006
"15,453","26,866","11,413",15:00 ~ 15:59,2006
"14,477","22,273","7,796",16:00 ~ 16:59,2006
"11,424","22,374","10,950",17:00 ~ 17:59,2006
"15,818","26,248","10,430",18:00 ~ 18:59,2006
"8,891","27,232","18,341",19:00 ~ 19:59,2006
"13,728","39,029","25,301",20:00 ~ 20:59,2006
"7,992","16,618","8,626",21:00 ~ 21:59,2006
"1,797","3,812","2,016",22:00 ~ 22:59,2006
957,"3,751","2,794",23:00 ~ 23:59,2006
"1,305","4,270","2,965",00:00 ~ 00:59,2007
94,452,358,01:00 ~ 01:59,2007
69,97,28,02:00 ~ 02:59,2007
160,173,13,03:00 ~ 03:59,2007
"14,988","14,988",0,04:00 ~ 04:59,2007
"7,011","7,012",1,05:00 ~ 05:59,2007
"14,629","14,635",6,06:00 ~ 06:59,2007
"9,768","9,785",18,07:00 ~ 07:59,2007
"10,405","14,680","4,275",08:00 ~ 08:59,2007
"2,004","26,943","24,939",09:00 ~ 09:59,2007
"2,919","29,764","26,845",10:00 ~ 10:59,2007
"26,264","43,185","16,921",11:00 ~ 11:59,2007
"21,221","30,058","8,838",12:00 ~ 12:59,2007
"10,022","27,744","17,722",13:00 ~ 13:59,2007
"10,069","32,769","22,700",14:00 ~ 14:59,2007
"15,074","26,264","11,190",15:00 ~ 15:59,2007
"14,390","22,449","8,059",16:00 ~ 16:59,2007
"11,876","21,226","9,350",17:00 ~ 17:59,2007
"15,849","28,084","12,235",18:00 ~ 18:59,2007
"6,758","25,665","18,907",19:00 ~ 19:59,2007
"16,427","42,186","25,759",20:00 ~ 20:59,2007
"7,493","18,504","11,011",21:00 ~ 21:59,2007
"1,551","3,497","1,946",22:00 ~ 22:59,2007
"1,598","4,132","2,534",23:00 ~ 23:59,2007
"1,316","5,158","3,842",00:00 ~ 00:59,2008
112,214,102,01:00 ~ 01:59,2008
56,81,25,02:00 ~ 02:59,2008
317,318,1,03:00 ~ 03:59,2008
"13,672","13,672",0,04:00 ~ 04:59,2008
"9,777","9,787",10,05:00 ~ 05:59,2008
"12,298","12,314",16,06:00 ~ 06:59,2008
"9,885","9,931",46,07:00 ~ 07:59,2008
"8,687","13,339","4,652",08:00 ~ 08:59,2008
"1,439","34,994","33,555",09:00 ~ 09:59,2008
"3,285","30,088","26,803",10:00 ~ 10:59,2008
"25,247","43,235","17,988",11:00 ~ 11:59,2008
"14,274","24,150","9,876",12:00 ~ 12:59,2008
"7,590","26,188","18,598",13:00 ~ 13:59,2008
"9,958","30,402","20,443",14:00 ~ 14:59,2008
"12,321","21,703","9,381",15:00 ~ 15:59,2008
"15,227","23,197","7,969",16:00 ~ 16:59,2008
"9,503","18,015","8,512",17:00 ~ 17:59,2008
"13,850","25,121","11,271",18:00 ~ 18:59,2008
"8,056","28,532","20,476",19:00 ~ 19:59,2008
"10,636","34,460","23,824",20:00 ~ 20:59,2008
"5,596","15,825","10,229",21:00 ~ 21:59,2008
"1,322","2,897","1,575",22:00 ~ 22:59,2008
"2,063","3,979","1,916",23:00 ~ 23:59,2008
639,"6,430","5,790",00:00 ~ 00:59,2009
103,159,56,01:00 ~ 01:59,2009
151,240,89,02:00 ~ 02:59,2009
361,364,3,03:00 ~ 03:59,2009
"14,797","14,808",11,04:00 ~ 04:59,2009
"10,197","10,198",0,05:00 ~ 05:59,2009
"13,085","13,089",4,06:00 ~ 06:59,2009
"9,174","9,200",26,07:00 ~ 07:59,2009
"5,196","15,227","10,031",08:00 ~ 08:59,2009
796,"35,610","34,813",09:00 ~ 09:59,2009
"3,139","29,878","26,739",10:00 ~ 10:59,2009
"28,664","42,639","13,975",11:00 ~ 11:59,2009
"10,667","20,901","10,234",12:00 ~ 12:59,2009
"7,388","26,551","19,163",13:00 ~ 13:59,2009
"8,727","31,030","22,302",14:00 ~ 14:59,2009
"14,766","25,040","10,275",15:00 ~ 15:59,2009
"13,044","19,917","6,872",16:00 ~ 16:59,2009
"12,217","25,221","13,004",17:00 ~ 17:59,2009
"14,337","24,515","10,178",18:00 ~ 18:59,2009
"6,592","33,470","26,877",19:00 ~ 19:59,2009
"6,456","28,565","22,109",20:00 ~ 20:59,2009
"2,860","11,644","8,784",21:00 ~ 21:59,2009
"1,246","2,024",779,22:00 ~ 22:59,2009
986,"3,813","2,827",23:00 ~ 23:59,2009
492,"8,728","8,236",00:00 ~ 00:59,2010
69,"1,063",994,01:00 ~ 01:59,2010
163,278,115,02:00 ~ 02:59,2010
855,915,60,03:00 ~ 03:59,2010
"12,366","12,375",9,04:00 ~ 04:59,2010
"14,193","14,193",0,05:00 ~ 05:59,2010
"18,354","18,363",9,06:00 ~ 06:59,2010
"11,675","11,689",14,07:00 ~ 07:59,2010
"5,761","17,142","11,381",08:00 ~ 08:59,2010
"1,434","32,523","31,088",09:00 ~ 09:59,2010
"6,139","35,112","28,973",10:00 ~ 10:59,2010
"25,247","39,991","14,745",11:00 ~ 11:59,2010
"11,082","24,120","13,039",12:00 ~ 12:59,2010
"9,672","29,139","19,467",13:00 ~ 13:59,2010
"11,382","30,060","18,678",14:00 ~ 14:59,2010
"18,816","29,795","10,979",15:00 ~ 15:59,2010
"20,119","29,419","9,300",16:00 ~ 16:59,2010
"14,353","29,689","15,337",17:00 ~ 17:59,2010
"14,951","25,276","10,325",18:00 ~ 18:59,2010
"8,490","33,350","24,860",19:00 ~ 19:59,2010
"9,584","35,441","25,857",20:00 ~ 20:59,2010
"4,481","13,354","8,873",21:00 ~ 21:59,2010
"1,817","3,107","1,290",22:00 ~ 22:59,2010
751,"2,826","2,075",23:00 ~ 23:59,2010
752,"10,508","9,756",00:00 ~ 00:59,2011
64,"2,331","2,267",01:00 ~ 01:59,2011
58,234,176,02:00 ~ 02:59,2011
417,473,56,03:00 ~ 03:59,2011
"8,119","8,146",27,04:00 ~ 04:59,2011
"13,125","13,158",33,05:00 ~ 05:59,2011
"19,715","19,727",12,06:00 ~ 06:59,2011
"13,775","14,054",279,07:00 ~ 07:59,2011
"9,338","19,488","10,151",08:00 ~ 08:59,2011
"2,024","28,503","26,479",09:00 ~ 09:59,2011
"8,017","32,391","24,374",10:00 ~ 10:59,2011
"23,069","37,949","14,880",11:00 ~ 11:59,2011
"13,432","23,694","10,262",12:00 ~ 12:59,2011
"9,819","26,158","16,339",13:00 ~ 13:59,2011
"11,585","27,758","16,173",14:00 ~ 14:59,2011
"15,509","29,854","14,346",15:00 ~ 15:59,2011
"20,822","30,179","9,356",16:00 ~ 16:59,2011
"14,839","27,134","12,294",17:00 ~ 17:59,2011
"11,101","22,068","10,966",18:00 ~ 18:59,2011
"7,096","28,260","21,164",19:00 ~ 19:59,2011
"10,374","30,284","19,911",20:00 ~ 20:59,2011
"7,252","16,552","9,299",21:00 ~ 21:59,2011
"2,485","4,164","1,679",22:00 ~ 22:59,2011
502,"6,525","6,023",23:00 ~ 23:59,2011
692,"13,256","12,565",00:00 ~ 00:59,2012
121,"2,697","2,576",01:00 ~ 01:59,2012
33,344,311,02:00 ~ 02:59,2012
937,"1,020",82,03:00 ~ 03:59,2012
"7,242","7,273",30,04:00 ~ 04:59,2012
"13,054","13,064",9,05:00 ~ 05:59,2012
"19,508","19,525",18,06:00 ~ 06:59,2012
"13,011","13,603",592,07:00 ~ 07:59,2012
"11,061","23,287","12,226",08:00 ~ 08:59,2012
"2,283","26,444","24,161",09:00 ~ 09:59,2012
"9,490","32,854","23,364",10:00 ~ 10:59,2012
"25,723","40,975","15,252",11:00 ~ 11:59,2012
"12,178","23,266","11,088",12:00 ~ 12:59,2012
"10,097","27,204","17,107",13:00 ~ 13:59,2012
"12,299","27,488","15,189",14:00 ~ 14:59,2012
"12,264","27,637","15,372",15:00 ~ 15:59,2012
"21,237","29,126","7,889",16:00 ~ 16:59,2012
"13,036","27,719","14,683",17:00 ~ 17:59,2012
"11,419","23,460","12,040",18:00 ~ 18:59,2012
"5,601","25,475","19,874",19:00 ~ 19:59,2012
"7,554","27,385","19,831",20:00 ~ 20:59,2012
"8,092","17,760","9,668",21:00 ~ 21:59,2012
"2,977","6,574","3,597",22:00 ~ 22:59,2012
343,"4,688","4,345",23:00 ~ 23:59,2012
593,"11,726","11,133",00:00 ~ 00:59,2013
59,"5,531","5,472",01:00 ~ 01:59,2013
31,326,295,02:00 ~ 02:59,2013
854,927,73,03:00 ~ 03:59,2013
"6,379","6,404",25,04:00 ~ 04:59,2013
"16,104","16,124",19,05:00 ~ 05:59,2013
"24,110","24,119",10,06:00 ~ 06:59,2013
"14,811","15,098",287,07:00 ~ 07:59,2013
"12,697","24,909","12,213",08:00 ~ 08:59,2013
"2,437","27,565","25,128",09:00 ~ 09:59,2013
"9,521","34,269","24,749",10:00 ~ 10:59,2013
"25,600","43,230","17,630",11:00 ~ 11:59,2013
"13,762","23,714","9,952",12:00 ~ 12:59,2013
"12,002","29,942","17,940",13:00 ~ 13:59,2013
"12,736","28,942","16,206",14:00 ~ 14:59,2013
"14,016","28,120","14,104",15:00 ~ 15:59,2013
"21,409","29,122","7,713",16:00 ~ 16:59,2013
"12,756","26,711","13,955",17:00 ~ 17:59,2013
"11,176","21,114","9,938",18:00 ~ 18:59,2013
"5,438","26,427","20,990",19:00 ~ 19:59,2013
"7,335","27,425","20,090",20:00 ~ 20:59,2013
"8,273","18,202","9,929",21:00 ~ 21:59,2013
"2,692","7,198","4,507",22:00 ~ 22:59,2013
345,"4,706","4,362",23:00 ~ 23:59,2013
411,"13,057","12,646",00:00 ~ 00:59,2014
148,"11,518","11,370",01:00 ~ 01:59,2014
41,663,622,02:00 ~ 02:59,2014
506,695,189,03:00 ~ 03:59,2014
"7,559","7,734",176,04:00 ~ 04:59,2014
"14,903","14,913",10,05:00 ~ 05:59,2014
"24,679","24,680",1,06:00 ~ 06:59,2014
"17,604","17,820",216,07:00 ~ 07:59,2014
"12,518","23,502","10,984",08:00 ~ 08:59,2014
"5,258","32,433","27,175",09:00 ~ 09:59,2014
"7,051","30,708","23,657",10:00 ~ 10:59,2014
"22,989","43,681","20,692",11:00 ~ 11:59,2014
"14,269","27,611","13,342",12:00 ~ 12:59,2014
"10,342","29,290","18,948",13:00 ~ 13:59,2014
"19,411","31,146","11,735",14:00 ~ 14:59,2014
"20,104","30,681","10,577",15:00 ~ 15:59,2014
"20,251","28,955","8,704",16:00 ~ 16:59,2014
"16,428","31,698","15,270",17:00 ~ 17:59,2014
"11,069","23,949","12,880",18:00 ~ 18:59,2014
"5,137","26,108","20,971",19:00 ~ 19:59,2014
"5,375","23,986","18,611",20:00 ~ 20:59,2014
"6,777","20,589","13,811",21:00 ~ 21:59,2014
"3,938","8,802","4,864",22:00 ~ 22:59,2014
345,"5,180","4,835",23:00 ~ 23:59,2014
490,"16,001","15,510",00:00 ~ 00:59,2015
106,"4,789","4,683",01:00 ~ 01:59,2015
73,407,335,02:00 ~ 02:59,2015
526,573,46,03:00 ~ 03:59,2015
"7,355","7,603",248,04:00 ~ 04:59,2015
"16,751","16,764",13,05:00 ~ 05:59,2015
"25,481","25,497",16,06:00 ~ 06:59,2015
"16,479","16,751",272,07:00 ~ 07:59,2015
"14,057","25,275","11,218",08:00 ~ 08:59,2015
"7,678","35,721","28,044",09:00 ~ 09:59,2015
"7,769","34,347","26,578",10:00 ~ 10:59,2015
"21,379","42,522","21,142",11:00 ~ 11:59,2015
"13,316","25,239","11,924",12:00 ~ 12:59,2015
"10,375","27,924","17,549",13:00 ~ 13:59,2015
"20,098","36,162","16,064",14:00 ~ 14:59,2015
"23,451","33,482","10,032",15:00 ~ 15:59,2015
"24,456","34,156","9,700",16:00 ~ 16:59,2015
"17,844","30,104","12,260",17:00 ~ 17:59,2015
"12,413","25,150","12,737",18:00 ~ 18:59,2015
"5,978","29,678","23,700",19:00 ~ 19:59,2015
"6,193","26,924","20,731",20:00 ~ 20:59,2015
"6,705","18,763","12,057",21:00 ~ 21:59,2015
"4,285","8,881","4,595",22:00 ~ 22:59,2015
273,"6,087","5,814",23:00 ~ 23:59,2015
504,"18,170","17,666",00:00 ~ 00:59,2016
183,"11,108","10,925",01:00 ~ 01:59,2016
121,429,308,02:00 ~ 02:59,2016
854,"1,068",213,03:00 ~ 03:59,2016
"6,675","6,880",205,04:00 ~ 04:59,2016
"20,010","20,043",34,05:00 ~ 05:59,2016
"24,656","24,674",18,06:00 ~ 06:59,2016
"17,959","18,549",590,07:00 ~ 07:59,2016
"14,218","27,545","13,327",08:00 ~ 08:59,2016
"9,873","41,658","31,785",09:00 ~ 09:59,2016
"8,512","36,401","27,888",10:00 ~ 10:59,2016
"22,719","45,147","22,427",11:00 ~ 11:59,2016
"15,905","28,916","13,011",12:00 ~ 12:59,2016
"11,567","27,271","15,704",13:00 ~ 13:59,2016
"18,979","34,470","15,491",14:00 ~ 14:59,2016
"22,375","33,150","10,775",15:00 ~ 15:59,2016
"30,666","43,924","13,258",16:00 ~ 16:59,2016
"22,492","35,322","12,830",17:00 ~ 17:59,2016
"15,284","32,371","17,087",18:00 ~ 18:59,2016
"6,730","31,375","24,644",19:00 ~ 19:59,2016
"6,683","31,114","24,432",20:00 ~ 20:59,2016
"6,180","17,098","10,918",21:00 ~ 21:59,2016
"4,381","11,980","7,600",22:00 ~ 22:59,2016
579,"9,586","9,006",23:00 ~ 23:59,2016
956,"21,529","20,574",00:00 ~ 00:59,2017
155,"11,715","11,560",01:00 ~ 01:59,2017
230,"1,300","1,069",02:00 ~ 02:59,2017
725,"1,056",331,03:00 ~ 03:59,2017
"7,907","8,213",307,04:00 ~ 04:59,2017
"21,185","21,313",128,05:00 ~ 05:59,2017
"30,078","30,259",181,06:00 ~ 06:59,2017
"21,440","24,564","3,124",07:00 ~ 07:59,2017
"16,061","33,702","17,640",08:00 ~ 08:59,2017
"11,581","42,390","30,809",09:00 ~ 09:59,2017
"9,902","44,143","34,241",10:00 ~ 10:59,2017
"21,961","45,635","23,674",11:00 ~ 11:59,2017
"16,962","32,381","15,419",12:00 ~ 12:59,2017
"12,179","29,302","17,123",13:00 ~ 13:59,2017
"20,888","37,786","16,898",14:00 ~ 14:59,2017
"24,031","37,394","13,363",15:00 ~ 15:59,2017
"29,203","42,326","13,123",16:00 ~ 16:59,2017
"24,825","39,559","14,734",17:00 ~ 17:59,2017
"17,644","34,762","17,118",18:00 ~ 18:59,2017
"8,578","33,345","24,767",19:00 ~ 19:59,2017
"7,969","31,836","23,868",20:00 ~ 20:59,2017
"9,622","21,683","12,061",21:00 ~ 21:59,2017
"7,100","17,927","10,827",22:00 ~ 22:59,2017
"3,214","15,377","12,163",23:00 ~ 23:59,2017
"1,535","23,567","22,032",00:00 ~ 00:59,2018
352,"14,061","13,709",01:00 ~ 01:59,2018
115,"1,972","1,858",02:00 ~ 02:59,2018
"2,022","5,593","3,571",03:00 ~ 03:59,2018
"6,705","6,790",85,04:00 ~ 04:59,2018
"21,858","22,134",277,05:00 ~ 05:59,2018
"28,937","29,731",795,06:00 ~ 06:59,2018
"19,373","23,584","4,211",07:00 ~ 07:59,2018
"18,106","34,953","16,847",08:00 ~ 08:59,2018
"13,230","44,160","30,929",09:00 ~ 09:59,2018
"9,109","44,248","35,139",10:00 ~ 10:59,2018
"24,870","51,229","26,359",11:00 ~ 11:59,2018
"15,588","29,264","13,676",12:00 ~ 12:59,2018
"12,141","29,319","17,178",13:00 ~ 13:59,2018
"20,025","34,491","14,467",14:00 ~ 14:59,2018
"25,311","38,352","13,041",15:00 ~ 15:59,2018
"30,821","45,618","14,797",16:00 ~ 16:59,2018
"22,810","37,478","14,669",17:00 ~ 17:59,2018
"16,325","32,914","16,589",18:00 ~ 18:59,2018
"10,146","34,919","24,773",19:00 ~ 19:59,2018
"9,212","30,592","21,381",20:00 ~ 20:59,2018
"10,606","22,400","11,794",21:00 ~ 21:59,2018
"9,029","18,347","9,318",22:00 ~ 22:59,2018
"2,993","13,087","10,094",23:00 ~ 23:59,2018
988,"20,364","19,376",00:00 ~ 00:59,2019
94,"14,601","14,507",01:00 ~ 01:59,2019
169,"1,008",839,02:00 ~ 02:59,2019
"3,388","4,753","1,365",03:00 ~ 03:59,2019
"8,226","8,324",98,04:00 ~ 04:59,2019
"23,069","23,183",114,05:00 ~ 05:59,2019
"26,851","27,682",831,06:00 ~ 06:59,2019
"17,460","21,434","3,974",07:00 ~ 07:59,2019
"15,138","31,277","16,140",08:00 ~ 08:59,2019
"13,895","42,278","28,383",09:00 ~ 09:59,2019
"8,890","47,068","38,177",10:00 ~ 10:59,2019
"22,769","46,465","23,696",11:00 ~ 11:59,2019
"14,757","30,408","15,651",12:00 ~ 12:59,2019
"15,869","35,021","19,152",13:00 ~ 13:59,2019
"17,278","30,894","13,616",14:00 ~ 14:59,2019
"23,829","35,355","11,526",15:00 ~ 15:59,2019
"28,846","42,382","13,537",16:00 ~ 16:59,2019
"22,439","35,822","13,383",17:00 ~ 17:59,2019
"15,804","33,632","17,828",18:00 ~ 18:59,2019
"12,140","36,574","24,434",19:00 ~ 19:59,2019
"10,400","28,380","17,980",20:00 ~ 20:59,2019
"11,140","21,543","10,403",21:00 ~ 21:59,2019
"5,495","12,506","7,011",22:00 ~ 22:59,2019
"2,595","12,001","9,406",23:00 ~ 23:59,2019
180,"15,369","15,189",00:00 ~ 00:59,2020
33,"6,542","6,510",01:00 ~ 01:59,2020
4,157,153,02:00 ~ 02:59,2020
"1,442","1,522",80,03:00 ~ 03:59,2020
"7,390","7,403",14,04:00 ~ 04:59,2020
"6,901","6,928",26,05:00 ~ 05:59,2020
"11,746","11,851",105,06:00 ~ 06:59,2020
"8,061","9,027",967,07:00 ~ 07:59,2020
"8,709","11,861","3,152",08:00 ~ 08:59,2020
"3,613","12,053","8,441",09:00 ~ 09:59,2020
"5,243","22,568","17,325",10:00 ~ 10:59,2020
"7,595","16,279","8,684",11:00 ~ 11:59,2020
"3,483","12,058","8,574",12:00 ~ 12:59,2020
"4,890","11,479","6,590",13:00 ~ 13:59,2020
"12,427","15,484","3,057",14:00 ~ 14:59,2020
"10,976","15,490","4,514",15:00 ~ 15:59,2020
"17,598","24,766","7,168",16:00 ~ 16:59,2020
"8,656","12,159","3,504",17:00 ~ 17:59,2020
"7,202","18,879","11,678",18:00 ~ 18:59,2020
"4,120","20,138","16,018",19:00 ~ 19:59,2020
"1,572","8,824","7,253",20:00 ~ 20:59,2020
"1,952","4,717","2,766",21:00 ~ 21:59,2020
"1,197","3,355","2,159",22:00 ~ 22:59,2020
196,"6,102","5,906",23:00 ~ 23:59,2020
0,"13,198","13,198",00:00 ~ 00:59,2021
1,"7,590","7,589",01:00 ~ 01:59,2021
186,724,538,02:00 ~ 02:59,2021
"3,790","3,807",18,03:00 ~ 03:59,2021
"9,371","9,379",9,04:00 ~ 04:59,2021
"4,285","4,285",0,05:00 ~ 05:59,2021
"9,544","9,578",34,06:00 ~ 06:59,2021
"9,106","9,353",247,07:00 ~ 07:59,2021
"8,379","9,603","1,224",08:00 ~ 08:59,2021
"3,477","7,340","3,863",09:00 ~ 09:59,2021
"1,316","14,891","13,575",10:00 ~ 10:59,2021
"5,857","11,778","5,921",11:00 ~ 11:59,2021
"1,856","4,495","2,639",12:00 ~ 12:59,2021
"4,177","8,164","3,987",13:00 ~ 13:59,2021
"11,563","16,628","5,065",14:00 ~ 14:59,2021
"15,180","18,892","3,712",15:00 ~ 15:59,2021
"21,718","27,830","6,112",16:00 ~ 16:59,2021
"9,576","13,941","4,365",17:00 ~ 17:59,2021
"3,703","15,374","11,672",18:00 ~ 18:59,2021
"1,890","14,683","12,793",19:00 ~ 19:59,2021
64,"4,828","4,765",20:00 ~ 20:59,2021
56,"4,136","4,080",21:00 ~ 21:59,2021
21,214,193,22:00 ~ 22:59,2021
10,"9,877","9,868",23:00 ~ 23:59,2021
43,"7,522","7,478",00:00 ~ 00:59,2022
21,"4,016","3,994",01:00 ~ 01:59,2022
48,866,819,02:00 ~ 02:59,2022
"2,031","2,191",160,03:00 ~ 03:59,2022
"8,396","8,434",38,04:00 ~ 04:59,2022
"9,510","9,517",7,05:00 ~ 05:59,2022
"18,009","18,137",128,06:00 ~ 06:59,2022
"14,149","14,609",460,07:00 ~ 07:59,2022
"10,455","14,009","3,553",08:00 ~ 08:59,2022
"7,298","15,254","7,956",09:00 ~ 09:59,2022
"6,154","23,941","17,786",10:00 ~ 10:59,2022
"10,508","24,667","14,159",11:00 ~ 11:59,2022
"4,158","10,617","6,459",12:00 ~ 12:59,2022
"6,782","11,583","4,801",13:00 ~ 13:59,2022
"6,038","9,238","3,201",14:00 ~ 14:59,2022
"12,328","16,239","3,911",15:00 ~ 15:59,2022
"22,676","29,258","6,582",16:00 ~ 16:59,2022
"15,974","24,195","8,220",17:00 ~ 17:59,2022
"7,274","17,179","9,904",18:00 ~ 18:59,2022
"3,124","17,884","14,760",19:00 ~ 19:59,2022
"1,114","14,895","13,781",20:00 ~ 20:59,2022
"1,040","10,899","9,859",21:00 ~ 21:59,2022
329,"2,997","2,667",22:00 ~ 22:59,2022
124,"8,986","8,863",23:00 ~ 23:59,2022
300,"9,671","9,371",00:00 ~ 00:59,2023
67,"4,278","4,211",01:00 ~ 01:59,2023
99,877,779,02:00 ~ 02:59,2023
"1,911","2,057",146,03:00 ~ 03:59,2023
"10,959","11,013",54,04:00 ~ 04:59,2023
"16,298","16,353",55,05:00 ~ 05:59,2023
"27,171","27,537",367,06:00 ~ 06:59,2023
"16,175","19,256","3,081",07:00 ~ 07:59,2023
"10,861","22,323","11,461",08:00 ~ 08:59,2023
"11,408","26,971","15,563",09:00 ~ 09:59,2023
"11,517","33,390","21,873",10:00 ~ 10:59,2023
"17,505","39,537","22,032",11:00 ~ 11:59,2023
"13,470","32,898","19,427",12:00 ~ 12:59,2023
"11,147","28,626","17,479",13:00 ~ 13:59,2023
"11,502","20,194","8,692",14:00 ~ 14:59,2023
"20,134","25,419","5,285",15:00 ~ 15:59,2023
"28,600","38,907","10,307",16:00 ~ 16:59,2023
"21,662","33,358","11,696",17:00 ~ 17:59,2023
"12,014","30,002","17,988",18:00 ~ 18:59,2023
"6,843","26,128","19,285",19:00 ~ 19:59,2023
"5,352","27,353","22,001",20:00 ~ 20:59,2023
"4,041","22,299","18,258",21:00 ~ 21:59,2023
"1,872","9,689","7,816",22:00 ~ 22:59,2023
827,"15,327","14,501",23:00 ~ 23:59,2023
598,"13,374","12,776",00:00 ~ 00:59,2024
272,"8,820","8,548",01:00 ~ 01:59,2024
225,"1,072",846,02:00 ~ 02:59,2024
"2,038","2,415",377,03:00 ~ 03:59,2024
"11,374","11,495",121,04:00 ~ 04:59,2024
"19,667","19,780",114,05:00 ~ 05:59,2024
"34,271","34,714",443,06:00 ~ 06:59,2024
"15,560","19,217","3,658",07:00 ~ 07:59,2024
"13,635","28,126","14,490",08:00 ~ 08:59,2024
"18,963","40,040","21,077",09:00 ~ 09:59,2024
"14,706","43,013","28,308",10:00 ~ 10:59,2024
"22,081","50,488","28,407",11:00 ~ 11:59,2024
"15,184","39,895","24,711",12:00 ~ 12:59,2024
"13,685","34,533","20,848",13:00 ~ 13:59,2024
"16,391","27,846","11,455",14:00 ~ 14:59,2024
"23,668","32,579","8,911",15:00 ~ 15:59,2024
"32,263","43,529","11,266",16:00 ~ 16:59,2024
"26,508","43,641","17,133",17:00 ~ 17:59,2024
"16,932","37,850","20,918",18:00 ~ 18:59,2024
"8,785","30,056","21,270",19:00 ~ 19:59,2024
"10,804","32,355","21,551",20:00 ~ 20:59,2024
"11,289","29,278","17,989",21:00 ~ 21:59,2024
"5,678","18,464","12,786",22:00 ~ 22:59,2024
"2,387","20,764","18,377",23:00 ~ 23:59,2024
778,"14,093","13,315",00:00 ~ 00:59,2025
266,"6,978","6,711",01:00 ~ 01:59,2025
274,"2,115","1,841",02:00 ~ 02:59,2025
"2,893","3,237",344,03:00 ~ 03:59,2025
"12,492","12,560",67,04:00 ~ 04:59,2025
"20,718","20,769",51,05:00 ~ 05:59,2025
"33,860","34,294",434,06:00 ~ 06:59,2025
"18,106","21,509","3,402",07:00 ~ 07:59,2025
"12,830","29,462","16,632",08:00 ~ 08:59,2025
"15,462","42,274","26,812",09:00 ~ 09:59,2025
"19,165","51,438","32,273",10:00 ~ 10:59,2025
"18,725","48,126","29,402",11:00 ~ 11:59,2025
"14,456","37,179","22,722",12:00 ~ 12:59,2025
"14,476","36,106","21,630",13:00 ~ 13:59,2025
"16,190","26,403","10,213",14:00 ~ 14:59,2025
"30,555","40,284","9,728",15:00 ~ 15:59,2025
"32,293","43,513","11,220",16:00 ~ 16:59,2025
"25,968","45,568","19,600",17:00 ~ 17:59,2025
"19,761","43,475","23,714",18:00 ~ 18:59,2025
"11,517","38,437","26,920",19:00 ~ 19:59,2025
"14,146","35,589","21,443",20:00 ~ 20:59,2025
"11,354","30,897","19,543",21:00 ~ 21:59,2025
"6,525","23,450","16,925",22:00 ~ 22:59,2025
"1,815","18,868","17,053",23:00 ~ 23:59,2025
