상품ID,상품명,지역,별점,작성자,작성일,리뷰내용
ASVNS09700,"다낭/호이안, 멜리아비치리조트,$300상당옵션포함, NO옵션, 3대 야경투어",다낭,5,권*련,3월 15일,"친구랑 처음가는 여행이라 조금 걱정했는데 
패키지라 괜한 걱정이였어요 아무래도 짜여진 스케줄이라 조금 불편하고 힘든건 있지만 분위기 메이커 윈씨랑 수다쟁이 마상효님 덕분에 즐거운 여행이였네요 다음에는 엄마랑도 갈수 있을것 같네요😊
아. 리조트 조식 맛있어요 리조트 이뻐요~
소심한 대문자 I이는 패키지 괜찮습니다"
ASVNS09700,"다낭/호이안, 멜리아비치리조트,$300상당옵션포함, NO옵션, 3대 야경투어",다낭,5,김*미,3월 8일,"3/2~6 3박5일 우리 네자매가 해외여행은 처음으로 가게되었다. 노란색 네개의 캐리어를 구입해서 공항에서 주위의 집중을 받으며 즐거운 여행이 시작되었다. 
멜리아 비치리조트 호텔 전경이 아름다윘고 호텔식도 한국인을 위해 김치,고추장,흰죽을 준비해 놓은 것이 최고였다.
우리 큰언니가 몸이 불편하였는데 귀엽고 애교 많은 현지가이드 윈과 덱스 닮은 잘생긴 한국  마상효가이드님께서 신경을 써 주고 배려 덕분에 여행믈 마칠 수 있었습니다.
두 분 가이드 덕분에 즐겁고 행복한 여행이였습니다.
윈 아이와 함께 건강하고 마상효 가이드님도 잘먹고 살 좀 쩌서 건강하게 지내시길 기도합니다.
우리 딸 아들 같은 두분 다 사랑합니다."
ASVNS09700,"다낭/호이안, 멜리아비치리조트,$300상당옵션포함, NO옵션, 3대 야경투어",다낭,5,최*미,3월 3일,아이 둘이랑 함께하는 여행이라 패키지가 쉽지 않을거라 고민하다 누나 추천으로 도전한 여행이었는데 결과적으로 대만족에 감사함 가득 안고 돌아오게 되었습니다
ASVNS09700,"다낭/호이안, 멜리아비치리조트,$300상당옵션포함, NO옵션, 3대 야경투어",다낭,5,이*현,2월 21일,"2/1~5 3박 5일 일정으로 팔십이 넘으신 엄마를 모시고 딸들과 며느리가 다낭여행을 다녀왔습니다.
엄마가 패키지 여행을 잘 소화하실 수 있을까? 걱정하며 힘들면 몇군데 스킵하지하는 생각으로 여행길에 올랐습니다.
하지만 김영호가이드님의 세심한 배려와 친절로 한군데도 빠짐없이 여행일정을 마치게 되어 우선은 가이드님께 감사 인사를 전하고 싶습니다.
허리가 굽으셔서 오래 걷는게 부담이신 엄마를 휠체어에 태우고 끝까지 다낭 여행을 즐길 수 있도록 해주셔서 조금도 어려움과 부족함없이 편안하게 다낭과 호이안을 경험할 수 있었습니다.
또한 먹는것도 가는데마다 다 맛있어서 대만족이었습니다.
첫날 비바람으로 골든브릿지를 제대로 즐기지 못한 점이 아쉬워서 한번 더 가고싶다는 생각도 드네요.
다낭에서 사온 침향 잘 먹고 있는데 비싼만큼 좋겠죠?
커피필링제랑 재생크림. 노니치약도 너무 좋더라구요. 선물받은 가족 친지들도 좋다고 하네요^^
그리고 한팀으로 함께했던 다른 가족들도 너무 좋으신분들이어서 더더욱 감사했고 재미있었습니다.
암튼 모든게 편안하고 즐거웠던 여행이었습니다.
김영호가이드님 감사합니다!"
ASVNS09700,"다낭/호이안, 멜리아비치리조트,$300상당옵션포함, NO옵션, 3대 야경투어",다낭,5,성*옥,2월 2일,"우리부부랑 딸과 초등학생 5학년 1학년 손자들과 다낭여행
둘째날 딸이 열이 많이나서 호텔에 있고
우리부부랑 손자들과일정에 참석했다
에너지가 넘치는 애들을 보는건 쉽지 않았다
함께 여행 하는 우리 일행분들이 애들을 이뻐하면서
많이 도와 주었고 특히 현지가이드 린양이
우리 애들을 많이 챙겨 주었다
그리고 저녁에 우리팀 강대현가이드님이 딸과 소통해서
호이안으로 오게해서 아이들과 상봉하니
애들이 너무 좋아했네요
셋째날 바나힐 일정에 이번에는 작은손자가 배가 많이 아파
저녁에 유람선 일정을 포기하고 응급실 가야할 상황인가
고민했을때
강대현가이드님이 현명하게 대처해줘서
무리없이 여행일정을 마무리하고 왔어요
우리애들 많이 이뻐해준 엄마랑 같이온 예쁜 수학선생님
고맙다고 인사도 못했네요
그리고 강대현과장님 우리 가족때문에
스트레스 많이 받았을텐데 너무 미안합니다
마지막까지 사진까지 보내줘서 고마워요
결혼해서 행복하게 사세요"
ASVNS09700,"다낭/호이안, 멜리아비치리조트,$300상당옵션포함, NO옵션, 3대 야경투어",다낭,5,권*련,3월 15일,"친구랑 처음가는 여행이라 조금 걱정했는데 
패키지라 괜한 걱정이였어요 아무래도 짜여진 스케줄이라 조금 불편하고 힘든건 있지만 분위기 메이커 윈씨랑 수다쟁이 마상효님 덕분에 즐거운 여행이였네요 다음에는 엄마랑도 갈수 있을것 같네요😊
아. 리조트 조식 맛있어요 리조트 이뻐요~
소심한 대문자 I이는 패키지 괜찮습니다"
ASVNS09700,"다낭/호이안, 멜리아비치리조트,$300상당옵션포함, NO옵션, 3대 야경투어",다낭,5,김*미,3월 8일,"3/2~6 3박5일 우리 네자매가 해외여행은 처음으로 가게되었다. 노란색 네개의 캐리어를 구입해서 공항에서 주위의 집중을 받으며 즐거운 여행이 시작되었다. 
멜리아 비치리조트 호텔 전경이 아름다윘고 호텔식도 한국인을 위해 김치,고추장,흰죽을 준비해 놓은 것이 최고였다.
우리 큰언니가 몸이 불편하였는데 귀엽고 애교 많은 현지가이드 윈과 덱스 닮은 잘생긴 한국  마상효가이드님께서 신경을 써 주고 배려 덕분에 여행믈 마칠 수 있었습니다.
두 분 가이드 덕분에 즐겁고 행복한 여행이였습니다.
윈 아이와 함께 건강하고 마상효 가이드님도 잘먹고 살 좀 쩌서 건강하게 지내시길 기도합니다.
우리 딸 아들 같은 두분 다 사랑합니다."
ASVNS09700,"다낭/호이안, 멜리아비치리조트,$300상당옵션포함, NO옵션, 3대 야경투어",다낭,5,최*미,3월 3일,아이 둘이랑 함께하는 여행이라 패키지가 쉽지 않을거라 고민하다 누나 추천으로 도전한 여행이었는데 결과적으로 대만족에 감사함 가득 안고 돌아오게 되었습니다
ASVNS09700,"다낭/호이안, 멜리아비치리조트,$300상당옵션포함, NO옵션, 3대 야경투어",다낭,5,이*현,2월 21일,"2/1~5 3박 5일 일정으로 팔십이 넘으신 엄마를 모시고 딸들과 며느리가 다낭여행을 다녀왔습니다.
엄마가 패키지 여행을 잘 소화하실 수 있을까? 걱정하며 힘들면 몇군데 스킵하지하는 생각으로 여행길에 올랐습니다.
하지만 김영호가이드님의 세심한 배려와 친절로 한군데도 빠짐없이 여행일정을 마치게 되어 우선은 가이드님께 감사 인사를 전하고 싶습니다.
허리가 굽으셔서 오래 걷는게 부담이신 엄마를 휠체어에 태우고 끝까지 다낭 여행을 즐길 수 있도록 해주셔서 조금도 어려움과 부족함없이 편안하게 다낭과 호이안을 경험할 수 있었습니다.
또한 먹는것도 가는데마다 다 맛있어서 대만족이었습니다.
첫날 비바람으로 골든브릿지를 제대로 즐기지 못한 점이 아쉬워서 한번 더 가고싶다는 생각도 드네요.
다낭에서 사온 침향 잘 먹고 있는데 비싼만큼 좋겠죠?
커피필링제랑 재생크림. 노니치약도 너무 좋더라구요. 선물받은 가족 친지들도 좋다고 하네요^^
그리고 한팀으로 함께했던 다른 가족들도 너무 좋으신분들이어서 더더욱 감사했고 재미있었습니다.
암튼 모든게 편안하고 즐거웠던 여행이었습니다.
김영호가이드님 감사합니다!"
ASVNS09700,"다낭/호이안, 멜리아비치리조트,$300상당옵션포함, NO옵션, 3대 야경투어",다낭,5,성*옥,2월 2일,"우리부부랑 딸과 초등학생 5학년 1학년 손자들과 다낭여행
둘째날 딸이 열이 많이나서 호텔에 있고
우리부부랑 손자들과일정에 참석했다
에너지가 넘치는 애들을 보는건 쉽지 않았다
함께 여행 하는 우리 일행분들이 애들을 이뻐하면서
많이 도와 주었고 특히 현지가이드 린양이
우리 애들을 많이 챙겨 주었다
그리고 저녁에 우리팀 강대현가이드님이 딸과 소통해서
호이안으로 오게해서 아이들과 상봉하니
애들이 너무 좋아했네요
셋째날 바나힐 일정에 이번에는 작은손자가 배가 많이 아파
저녁에 유람선 일정을 포기하고 응급실 가야할 상황인가
고민했을때
강대현가이드님이 현명하게 대처해줘서
무리없이 여행일정을 마무리하고 왔어요
우리애들 많이 이뻐해준 엄마랑 같이온 예쁜 수학선생님
고맙다고 인사도 못했네요
그리고 강대현과장님 우리 가족때문에
스트레스 많이 받았을텐데 너무 미안합니다
마지막까지 사진까지 보내줘서 고마워요
결혼해서 행복하게 사세요"
ASVNP21432,"[W트립]다낭/호이안, 알란씨호텔,야경투어+오전자유1회+스톤마사지 포함",다낭,5,김*주,3월 4일,"2주 앞두고 진행하려니, 급하게 누르고 예약금은 걸었지만 숙소변경도 안되고 답답하긴했습니다.무튼 노옵션이 아닌것으로 선택한 저의 잘못을 깨달으며 옵션을 선택해서 진행되었구요.
그나마 다행인것이 누구누구 외 몇명이 아닌, 유홍열 이라는 이름으로 진행되는 패키지가 진행되었네요.
25명이 넘는 일행을 상대로... 시간에 딱딱 맞게, 지루하지 앉게, 정성을 다해 이끌어주신 두분의 가이드님 덕분에 즐거운 여행 마치고 돌아왔습니다. 유홍열가이드님, 린가이드님 제가 다낭을 또 방문한다면 연락드릴게요."
ASVNP21432,"[W트립]다낭/호이안, 알란씨호텔,야경투어+오전자유1회+스톤마사지 포함",다낭,5,손*수,2월 8일,"부모님, 저희 부부, 아이들까지 7명이 다녀온 다낭여행이었습니다.
3대가 만족하는 여행을 하기가 쉽지 않은데
저희가 원하는 바를 맞춰주기 위해 한국 가이드(정도원 부장님)께서 엄청 노력을 많이 해주셨습니다.
최적의 동선, 빈틈없는 스케쥴, 그러면서도 과하게 피곤하지 않도록 배려해주시는 게 느껴졌어요.
덕분에 3대 모두 즐거웠습니다.
현지 가이드도 열심히 사진 찍어주고, 설명도 해줘서 더 좋았습니다."
ASVNP21432,"[W트립]다낭/호이안, 알란씨호텔,야경투어+오전자유1회+스톤마사지 포함",다낭,5,오*혜,2025년 08월 08일,"이번 여름휴가 다낭으로 딸과 함께 잘 다녀왔습니다.
너무 재미 있었어요~
함께 여행하게된 모든 분들이 다 너무 좋은 분들이었고 일정도 힘든 것 없이 시원하고 좋았습니다.
울트라 사춘기를 겪고 있는 딸도 첫날에는 좀 힘들다고 툴툴거리더니 마지막 날에는 베트남 너무 재밌다고 며칠 더 있다 가자며... ㅠㅠ
특히 나영근 가이드님과 세나양이 너무 친절하고 꼼꼼하게 챙겨주시고 여러가지로 배려를 잘 해주셔서 정말 편안하고 즐거운 여행이었습니다!
특히 나영근 가이드님은 가수 차은우님을 완전 닮으셔서 감동이 2배 였습니다~
다음 휴가도 또 인터파크로 예약할께요!
감사합니당^^"
ASVNP21432,"[W트립]다낭/호이안, 알란씨호텔,야경투어+오전자유1회+스톤마사지 포함",다낭,5,신*희,2025년 04월 15일,"이번환갑여행총17명!
제데로힐링했습니다
이대왕!
이릉 그데로대왕님답게
맛있는음식에구석구석세심한설명에
감동이었습니다
칠순여행을기다려봅니다"
ASVNP21432,"[W트립]다낭/호이안, 알란씨호텔,야경투어+오전자유1회+스톤마사지 포함",다낭,5,이*숙,2025년 04월 12일,"안녕하세요
4월5일 결혼식을 올리고 첫 해외여행으로
선택한 다낭! 걱정이 많았는데 다낭에 도착하여
이규영 가이드를 만나고 안심이 놓으더라구요
한국에서 날씨 예보에는 비가 매일 잡혀 있었는데
여행하는 동안 비 일정이 맑음으로 바꾸는 날씨요정
첫 일정부터 마사지 너무 만족스러웠어요 넘 아프지도 않고 적당한 강도에 스르륵 잠이 피로가 싹 풀리더라구요 해외에서 김치찌개,삼겹살을 먹고 메뉴들도 한국식으로 식당 섭외도 완죤 짱!
호텔 및 상품도 다른 팀 4팀을 잘 통솔하시고, 시간 약속은 완죤 칼~~ 전날 내일 미팅 시간 등 일정을 톡으로 보내주는 센스쟁이~
저희 신혼부부는 저렴한 패키지상품으로 관광을 신청했는데 이규영 가이드님의 조율로 업 그레이드 된 상품으로 다양하게 볼거리,즐길거리 우리가 가보고 싶은거 다 누릴수 있어서 너무 행복 했습니다
4팀은 여행 3일차 마사지 2시간 받는동안 저희는 달라가 부족하여 빠졌는데 근처에 멋진 루포탑 다낭 시내가 한눈에 볼수있는곳에 사비를 들여 음료 한잔씩 사주시고 멋진 사진을 찍을수있게 배려에 감사합니다
신랑이랑 저는 한 직장에서 20년째 근무하면서 다람쥐 체바퀴 돌 듯 열심히 일하다가 신혼여행으로 첫 해외여행으로 선택 잘 했다는 생각이들고 힘들때 여기서 찍은 사진으로 한컷으로 그때를 생각하는 우리의 힐링이 되며 나중에 또 오고 싶은곳이네요
날씨 요정 이규영 가이드님을 또 만나고 싶네요^^
우리가 선택한 패키지보다 업 그레이드해준 상품으로
다양하게 즐기며 추억이 많이 생기고,
설명도 잘해주시고 낙오자를 잘 챙기시고,
아기자기한 소품을 우리팀 모두 챙겨주는 센스쟁이
감사했습니다 사진도 많이 찍어주시고
사진한장 못 찍어서 아쉬워요. 우리 다시만나요~
그때까지 몸건강히 잘 지내세요~
수분 보충도 잘하세요^^"
ASVNP21432,"[W트립]다낭/호이안, 알란씨호텔,야경투어+오전자유1회+스톤마사지 포함",다낭,5,김*주,3월 4일,"2주 앞두고 진행하려니, 급하게 누르고 예약금은 걸었지만 숙소변경도 안되고 답답하긴했습니다.무튼 노옵션이 아닌것으로 선택한 저의 잘못을 깨달으며 옵션을 선택해서 진행되었구요.
그나마 다행인것이 누구누구 외 몇명이 아닌, 유홍열 이라는 이름으로 진행되는 패키지가 진행되었네요.
25명이 넘는 일행을 상대로... 시간에 딱딱 맞게, 지루하지 앉게, 정성을 다해 이끌어주신 두분의 가이드님 덕분에 즐거운 여행 마치고 돌아왔습니다. 유홍열가이드님, 린가이드님 제가 다낭을 또 방문한다면 연락드릴게요."
ASVNP21432,"[W트립]다낭/호이안, 알란씨호텔,야경투어+오전자유1회+스톤마사지 포함",다낭,5,손*수,2월 8일,"부모님, 저희 부부, 아이들까지 7명이 다녀온 다낭여행이었습니다.
3대가 만족하는 여행을 하기가 쉽지 않은데
저희가 원하는 바를 맞춰주기 위해 한국 가이드(정도원 부장님)께서 엄청 노력을 많이 해주셨습니다.
최적의 동선, 빈틈없는 스케쥴, 그러면서도 과하게 피곤하지 않도록 배려해주시는 게 느껴졌어요.
덕분에 3대 모두 즐거웠습니다.
현지 가이드도 열심히 사진 찍어주고, 설명도 해줘서 더 좋았습니다."
ASVNP21432,"[W트립]다낭/호이안, 알란씨호텔,야경투어+오전자유1회+스톤마사지 포함",다낭,5,오*혜,2025년 08월 08일,"이번 여름휴가 다낭으로 딸과 함께 잘 다녀왔습니다.
너무 재미 있었어요~
함께 여행하게된 모든 분들이 다 너무 좋은 분들이었고 일정도 힘든 것 없이 시원하고 좋았습니다.
울트라 사춘기를 겪고 있는 딸도 첫날에는 좀 힘들다고 툴툴거리더니 마지막 날에는 베트남 너무 재밌다고 며칠 더 있다 가자며... ㅠㅠ
특히 나영근 가이드님과 세나양이 너무 친절하고 꼼꼼하게 챙겨주시고 여러가지로 배려를 잘 해주셔서 정말 편안하고 즐거운 여행이었습니다!
특히 나영근 가이드님은 가수 차은우님을 완전 닮으셔서 감동이 2배 였습니다~
다음 휴가도 또 인터파크로 예약할께요!
감사합니당^^"
ASVNP21432,"[W트립]다낭/호이안, 알란씨호텔,야경투어+오전자유1회+스톤마사지 포함",다낭,5,신*희,2025년 04월 15일,"이번환갑여행총17명!
제데로힐링했습니다
이대왕!
이릉 그데로대왕님답게
맛있는음식에구석구석세심한설명에
감동이었습니다
칠순여행을기다려봅니다"
ASVNP21432,"[W트립]다낭/호이안, 알란씨호텔,야경투어+오전자유1회+스톤마사지 포함",다낭,5,이*숙,2025년 04월 12일,"안녕하세요
4월5일 결혼식을 올리고 첫 해외여행으로
선택한 다낭! 걱정이 많았는데 다낭에 도착하여
이규영 가이드를 만나고 안심이 놓으더라구요
한국에서 날씨 예보에는 비가 매일 잡혀 있었는데
여행하는 동안 비 일정이 맑음으로 바꾸는 날씨요정
첫 일정부터 마사지 너무 만족스러웠어요 넘 아프지도 않고 적당한 강도에 스르륵 잠이 피로가 싹 풀리더라구요 해외에서 김치찌개,삼겹살을 먹고 메뉴들도 한국식으로 식당 섭외도 완죤 짱!
호텔 및 상품도 다른 팀 4팀을 잘 통솔하시고, 시간 약속은 완죤 칼~~ 전날 내일 미팅 시간 등 일정을 톡으로 보내주는 센스쟁이~
저희 신혼부부는 저렴한 패키지상품으로 관광을 신청했는데 이규영 가이드님의 조율로 업 그레이드 된 상품으로 다양하게 볼거리,즐길거리 우리가 가보고 싶은거 다 누릴수 있어서 너무 행복 했습니다
4팀은 여행 3일차 마사지 2시간 받는동안 저희는 달라가 부족하여 빠졌는데 근처에 멋진 루포탑 다낭 시내가 한눈에 볼수있는곳에 사비를 들여 음료 한잔씩 사주시고 멋진 사진을 찍을수있게 배려에 감사합니다
신랑이랑 저는 한 직장에서 20년째 근무하면서 다람쥐 체바퀴 돌 듯 열심히 일하다가 신혼여행으로 첫 해외여행으로 선택 잘 했다는 생각이들고 힘들때 여기서 찍은 사진으로 한컷으로 그때를 생각하는 우리의 힐링이 되며 나중에 또 오고 싶은곳이네요
날씨 요정 이규영 가이드님을 또 만나고 싶네요^^
우리가 선택한 패키지보다 업 그레이드해준 상품으로
다양하게 즐기며 추억이 많이 생기고,
설명도 잘해주시고 낙오자를 잘 챙기시고,
아기자기한 소품을 우리팀 모두 챙겨주는 센스쟁이
감사했습니다 사진도 많이 찍어주시고
사진한장 못 찍어서 아쉬워요. 우리 다시만나요~
그때까지 몸건강히 잘 지내세요~
수분 보충도 잘하세요^^"
ASVNP21383,"다낭/호이안, NO옵션,NO가이드경비! 마사지 2회+호이안 전통카 포함, 더 꽉찬 여행",다낭,5,진*영,1월 28일,"평소 자유여행을 선호하지만 아이들 포함 9명이 단체로 가기엔 패키지가가나을것 같아 여행지를 다낭으로 정하고 여러 상품을 검색하던중 노팁/노옵션에 끌려 예약하게 되었어요~
패키지에서 가장 중요하게 생각하는게 첫째! 새로운 사람들~
둘째가 좋은 가이드님인데 저는 정말 행운이였는지 이 두가지가
완벽한 사람들을 만나 정말 즐겁고 행복한 여행을 할수있었어요~
특히 윤창식 가이드님께는 특별히 더 고맙다라는 인사 를 하고싶네요~일정내내 세심하게 신경써주시고 여행객들의 요구조건도 항상 웃으며 흔쾌히 받아주시고 그리고 또 어쩌다 보니 여행 일정과 제 생일이 겹치게 되었는데 그걸 알게된 가이드님께서 몰래 생일 케잌을 준비해 주셔서 다낭에서 인생최고의 생일파티도 할수 있었네요~ㅎ 평생 잊지못할 추억 만들어주신 윤창식 가이드님 정말정말 감사합니다~??"
ASVNP21383,"다낭/호이안, NO옵션,NO가이드경비! 마사지 2회+호이안 전통카 포함, 더 꽉찬 여행",다낭,5,이*경,2025년 11월 15일,여행지와 여행을 함께하는 동행자도 중요하지만 패키지에서는 가이드을 잘 만나는 것 또한 중요하다고 생각합니다. 다낭 여행에서 만난 송호석 가이드님 덕분에 편안하고 즐거운 여행을 보내고 올 수 있어서 넘 좋았습니다^^
ASVNP21383,"다낭/호이안, NO옵션,NO가이드경비! 마사지 2회+호이안 전통카 포함, 더 꽉찬 여행",다낭,5,금*호,2025년 10월 29일,"부모님과 좋은시간 보내서 좋았습니다 가족여행으로 추천
다음 여행도 베트남 갈 마음이 생겼어요
다 함께 베트남 고고싱"
ASVNP21383,"다낭/호이안, NO옵션,NO가이드경비! 마사지 2회+호이안 전통카 포함, 더 꽉찬 여행",다낭,5,최*영,2025년 10월 27일,"태풍으로 날씨가 좋지 않아 걱정했지만,
최원섭 가이드님 덕분에 무사히 즐거운 3박 5일을 보냈어요.
이틀은 비바람이 심했지만, 일정 조정이 빠르고 설명도 친절해서 불편함 없이 여행했습니다.
3일째부터 날씨가 좋아져 사진도 많이 찍고 다낭의 분위기를 느낄 수 있었어요.
날씨는 아쉬웠지만, 여행사와 가이드님 덕분에 만족스러운 여행이었습니다
오래된 친구와 또 하나의 좋은 추억을 만들고 왔어요.
다음에는 날 좋을때 한번더 ! ! ^^"
ASVNP21383,"다낭/호이안, NO옵션,NO가이드경비! 마사지 2회+호이안 전통카 포함, 더 꽉찬 여행",다낭,5,박*연,2025년 10월 16일,"사실 단체여행의 불편함이나 쇼핑에 대한 거부감이 있던지라
자유여행을 선호하는데 갑작스럽게 여행을 계획하다보니 비행기 티켓도 너무 비싸고...
어쩔수 없이? 아주아주 오랜만에 패키지 여행을 다녀오게 됐습니다.
근데 걱정과는 달리 저렴한 가격에 알찬 일정으로 아주 만족스러운 여행을 할수 있었어요.
자유여행이었다면 항공권, 호텔, 식사에, 이동까지 그가격으로는 어림없을건데 말이죠.
게다가 열정 넘치시는 너무 좋은 가이드님을 만나서 만족도가 배로 올라간것 같습니다.
가이드님께 여행내내 감사한점 참 많았지만
특히 이동 장소마다 스팟 찾아 사진 찍어주셔서 너무너무 감사드려요.
나이먹으면서 사진속 내가 너무 솔직하게 표현되는게 싫어 인물 사진은 잘 안찍는데
이렇게 많은 사진이 남은 여행은 처음이랍니다 ㅋ
일정이 짧은거 빼고 모든게 완벽했던 이번여행 오래오래 기억에 남을 듯 합니다."
ASVNP21383,"다낭/호이안, NO옵션,NO가이드경비! 마사지 2회+호이안 전통카 포함, 더 꽉찬 여행",다낭,5,진*영,1월 28일,"평소 자유여행을 선호하지만 아이들 포함 9명이 단체로 가기엔 패키지가가나을것 같아 여행지를 다낭으로 정하고 여러 상품을 검색하던중 노팁/노옵션에 끌려 예약하게 되었어요~
패키지에서 가장 중요하게 생각하는게 첫째! 새로운 사람들~
둘째가 좋은 가이드님인데 저는 정말 행운이였는지 이 두가지가
완벽한 사람들을 만나 정말 즐겁고 행복한 여행을 할수있었어요~
특히 윤창식 가이드님께는 특별히 더 고맙다라는 인사 를 하고싶네요~일정내내 세심하게 신경써주시고 여행객들의 요구조건도 항상 웃으며 흔쾌히 받아주시고 그리고 또 어쩌다 보니 여행 일정과 제 생일이 겹치게 되었는데 그걸 알게된 가이드님께서 몰래 생일 케잌을 준비해 주셔서 다낭에서 인생최고의 생일파티도 할수 있었네요~ㅎ 평생 잊지못할 추억 만들어주신 윤창식 가이드님 정말정말 감사합니다~??"
ASVNP21383,"다낭/호이안, NO옵션,NO가이드경비! 마사지 2회+호이안 전통카 포함, 더 꽉찬 여행",다낭,5,이*경,2025년 11월 15일,여행지와 여행을 함께하는 동행자도 중요하지만 패키지에서는 가이드을 잘 만나는 것 또한 중요하다고 생각합니다. 다낭 여행에서 만난 송호석 가이드님 덕분에 편안하고 즐거운 여행을 보내고 올 수 있어서 넘 좋았습니다^^
ASVNP21383,"다낭/호이안, NO옵션,NO가이드경비! 마사지 2회+호이안 전통카 포함, 더 꽉찬 여행",다낭,5,금*호,2025년 10월 29일,"부모님과 좋은시간 보내서 좋았습니다 가족여행으로 추천
다음 여행도 베트남 갈 마음이 생겼어요
다 함께 베트남 고고싱"
ASVNP21383,"다낭/호이안, NO옵션,NO가이드경비! 마사지 2회+호이안 전통카 포함, 더 꽉찬 여행",다낭,5,최*영,2025년 10월 27일,"태풍으로 날씨가 좋지 않아 걱정했지만,
최원섭 가이드님 덕분에 무사히 즐거운 3박 5일을 보냈어요.
이틀은 비바람이 심했지만, 일정 조정이 빠르고 설명도 친절해서 불편함 없이 여행했습니다.
3일째부터 날씨가 좋아져 사진도 많이 찍고 다낭의 분위기를 느낄 수 있었어요.
날씨는 아쉬웠지만, 여행사와 가이드님 덕분에 만족스러운 여행이었습니다
오래된 친구와 또 하나의 좋은 추억을 만들고 왔어요.
다음에는 날 좋을때 한번더 ! ! ^^"
ASVNP21383,"다낭/호이안, NO옵션,NO가이드경비! 마사지 2회+호이안 전통카 포함, 더 꽉찬 여행",다낭,5,박*연,2025년 10월 16일,"사실 단체여행의 불편함이나 쇼핑에 대한 거부감이 있던지라
자유여행을 선호하는데 갑작스럽게 여행을 계획하다보니 비행기 티켓도 너무 비싸고...
어쩔수 없이? 아주아주 오랜만에 패키지 여행을 다녀오게 됐습니다.
근데 걱정과는 달리 저렴한 가격에 알찬 일정으로 아주 만족스러운 여행을 할수 있었어요.
자유여행이었다면 항공권, 호텔, 식사에, 이동까지 그가격으로는 어림없을건데 말이죠.
게다가 열정 넘치시는 너무 좋은 가이드님을 만나서 만족도가 배로 올라간것 같습니다.
가이드님께 여행내내 감사한점 참 많았지만
특히 이동 장소마다 스팟 찾아 사진 찍어주셔서 너무너무 감사드려요.
나이먹으면서 사진속 내가 너무 솔직하게 표현되는게 싫어 인물 사진은 잘 안찍는데
이렇게 많은 사진이 남은 여행은 처음이랍니다 ㅋ
일정이 짧은거 빼고 모든게 완벽했던 이번여행 오래오래 기억에 남을 듯 합니다."
ASVNP21331,"다낭/호이안, 골든베이호텔, 4인이상 코너스윗업그레이드, 노옵션, 필수일정 포함",다낭,5,최*애,2025년 12월 07일,"우기인데도 좋은 날씨가 계속되어 너무 좋았습니다.
언니들과 함께 코너스윗 테라스 있는 방도 너무 넓고 쾌적하고 좋았습니다.
저희 팀 11명을 너무 편하고 안전하게 가이드 하신 김우환 가이드님!!!
덕분에 일반 패키지 여행에 대한 편견이 깨졌습니다!!! 베트남 정부와 한국 정부를 대신해서 나오신 관광해설사 문화 해설사님의 고급진 설명을 듣게 되어 넘 의미있고 좋았습니다~ 나중에 가족여행을 올 때 다시 가이드를 꼭 받고 싶게 하시는 분입니다!!! ㅎ호이안 야경이 넘 예뻐요!!!"
ASVNP21331,"다낭/호이안, 골든베이호텔, 4인이상 코너스윗업그레이드, 노옵션, 필수일정 포함",다낭,5,최*애,2025년 12월 07일,"늘 자유여행을 하며 숙소와 비행기를 찾느라 신경을 썼는데... 이번에는 친구와 친구처럼 함께 하는 찐동생인데 친구같은 세명이 맘이 합해서 급히 여행계획을 세우고 이 패키지를 이용했습니다.
30년 넘게 알고지낸 찐친구와 30년전 부터 알고지냈다가 최근에 함께 차를 타고 가다가 교통사고를 당한 동생이 또 찐친이 되어 즐겁게 다녀온 여행이었습니다.
여러 다낭카페 이용후기를 보며 패키지 호불호에서 가이드님과 함께 여행하는 분들이 중요하단 말을 들었는데 저희 김우환(Ryan Kim)가이드님은 가이드님 평가에도 올렸지만 최고 중의 최고셨습니다.
저희가 방문하고 체험하게되는 곳의 현재 날씨와 상황과 역사적 배경까지 너무나 해박하고 알기쉽게 설명해주셨습니다.
노옵션이라 먹거리 볼거리 다 포함되었는데 하나 하나를 다 자신이 잘알고 준비하신게 눈에 띌정도로 처음 온 여행자에게 너무 믿고 편안하게 즐길수 있는 배려와 설명이 깨알 깨알이셨습니다.
제가 공금관리한 지갑을 잃어버리고 함께 간 친구들이 비상금으로 동과 달러와 원을 섞어서 가이드님과 기사님 경비를 드릴 때도 더 받으셔도 모자란데 저희 편의도 봐주셨습니다. 세째날 휴대폰을 호텔에 두고 와서 불안할 때도 청소하지 않도록 현지 가이드에게 호텔로 바로 연락하게 하여주시고... 이 외에도 너무 많은 일들이 있었지만 무사히 평안히 잘 쉬고 잘 먹고 잘 지내다가 온 첫 패키지 여행 완전 빅 추천입니다!!! ~~"
ASVNP21331,"다낭/호이안, 골든베이호텔, 4인이상 코너스윗업그레이드, 노옵션, 필수일정 포함",다낭,5,최*훈,2025년 10월 06일,"추석명절이 너무 길어서 긴급으로 잡은 패키지임으로 크게 기대하지 않고 갔습니다. 이번다낭 여행이 3번째인데 좋은 상품 패키지, 좋은 날씨, 맛있는 음식 그리고 친절하며 특별한 이벤트까지 준비한 가이드 덕분에 최고의 여행을 한 것 같습니다. 감사합니다"
ASVNP21331,"다낭/호이안, 골든베이호텔, 4인이상 코너스윗업그레이드, 노옵션, 필수일정 포함",다낭,5,강*원,2025년 10월 03일,"9월27일 20호태풍으로 걱정이 많았지만
윤창식가이드님과 일행분들의 동의로 일정을 조정하여
즐거운 3박5일의 시간을 보냈어요
기상문제로 일정 진행에 어려움이 있었지만
가이드님을 믿고 진행한결과 모두가 만족하는 여행었습니다
계획되어 있는 모든일정을 빠짐없이 챙겨주시려는 모습에 감동^^
3박5일이라는 시간이 엄청 짧게 느껴질정도로 즐겁고 행복한 시간을 만들어주셔서 감사^^
윤창식가이드님을 만난건 행운이에요ㅎ"
ASVNP21331,"다낭/호이안, 골든베이호텔, 4인이상 코너스윗업그레이드, 노옵션, 필수일정 포함",다낭,5,이*주,2025년 08월 15일,"7살 11살 두아이를 데리고 가는 첫가족 패키지여행 긴장도 많이하고 패키지에 대한 안좋은 인식도 많아 걱정반 설렘반으로 시작되었던 이번여행
우리의 걱정과달리 가이드님들이 너무 좋으셨다
휘라는 현지가이드님은 내인식과는 전혀다르게 인상도 좋고 잼있으셔서 여행내내 기분 좋게 해주시고
강성두 부장님은 알찬 설명과 재밌는 말솜씨로 다낭에 대한 이해도와 역사에 대하여 알려주셔서 우리의 보는 눈높이를 올려주셨다
우리가 갔을땐 팀원분들 날씨 가이드 운까지 골고루 갖춰져 다낭 첫여행이 좋은추억으로 가득 담을 수 있었던 것 같다
만약 지인이 다낭 패키지릉 예약 했는데 강성두부장님으로 가이드지정되었다고 한다면 그냥 믿고 즐겨라~ 라고 말할수 있을것같다??
아이들도 그런 감정이 통했던 건지 마지막날 7살 아들래미는 휘(현지가이드)와 헤어지려 할때 울먹거리는게 어찌나 짠한지??
패키지란 안좋은 인식을 깨주신 강성두부장님과 휘가이드님 너무 감사했어여~ 덕분에 좋은 추억 가득 담아왔습니다!!
★☆정말 입맛까탈스런 두아이인데 강성두부장님의 추천 현지식은 잘먹어서 아이들 못먹는 걱정을 덜 수 있어서 엄마로서 만족☆★
p.s 다낭 여기저기 같이 다니면서 다른 가이드님들과도 마주치는데 우리 휘와 강성두 부장님 패션감각이 젤 좋았다는!!!
강성두 부장님 가이드 지정 되었다면 이번여행은 럭키구나 생각하고 가시라고 말해주고싶다~
from 똥냄새. ㅋㅋㅋ"
ASVNP21331,"다낭/호이안, 골든베이호텔, 4인이상 코너스윗업그레이드, 노옵션, 필수일정 포함",다낭,5,최*애,2025년 12월 07일,"우기인데도 좋은 날씨가 계속되어 너무 좋았습니다.
언니들과 함께 코너스윗 테라스 있는 방도 너무 넓고 쾌적하고 좋았습니다.
저희 팀 11명을 너무 편하고 안전하게 가이드 하신 김우환 가이드님!!!
덕분에 일반 패키지 여행에 대한 편견이 깨졌습니다!!! 베트남 정부와 한국 정부를 대신해서 나오신 관광해설사 문화 해설사님의 고급진 설명을 듣게 되어 넘 의미있고 좋았습니다~ 나중에 가족여행을 올 때 다시 가이드를 꼭 받고 싶게 하시는 분입니다!!! ㅎ호이안 야경이 넘 예뻐요!!!"
ASVNP21331,"다낭/호이안, 골든베이호텔, 4인이상 코너스윗업그레이드, 노옵션, 필수일정 포함",다낭,5,최*애,2025년 12월 07일,"늘 자유여행을 하며 숙소와 비행기를 찾느라 신경을 썼는데... 이번에는 친구와 친구처럼 함께 하는 찐동생인데 친구같은 세명이 맘이 합해서 급히 여행계획을 세우고 이 패키지를 이용했습니다.
30년 넘게 알고지낸 찐친구와 30년전 부터 알고지냈다가 최근에 함께 차를 타고 가다가 교통사고를 당한 동생이 또 찐친이 되어 즐겁게 다녀온 여행이었습니다.
여러 다낭카페 이용후기를 보며 패키지 호불호에서 가이드님과 함께 여행하는 분들이 중요하단 말을 들었는데 저희 김우환(Ryan Kim)가이드님은 가이드님 평가에도 올렸지만 최고 중의 최고셨습니다.
저희가 방문하고 체험하게되는 곳의 현재 날씨와 상황과 역사적 배경까지 너무나 해박하고 알기쉽게 설명해주셨습니다.
노옵션이라 먹거리 볼거리 다 포함되었는데 하나 하나를 다 자신이 잘알고 준비하신게 눈에 띌정도로 처음 온 여행자에게 너무 믿고 편안하게 즐길수 있는 배려와 설명이 깨알 깨알이셨습니다.
제가 공금관리한 지갑을 잃어버리고 함께 간 친구들이 비상금으로 동과 달러와 원을 섞어서 가이드님과 기사님 경비를 드릴 때도 더 받으셔도 모자란데 저희 편의도 봐주셨습니다. 세째날 휴대폰을 호텔에 두고 와서 불안할 때도 청소하지 않도록 현지 가이드에게 호텔로 바로 연락하게 하여주시고... 이 외에도 너무 많은 일들이 있었지만 무사히 평안히 잘 쉬고 잘 먹고 잘 지내다가 온 첫 패키지 여행 완전 빅 추천입니다!!! ~~"
ASVNP21331,"다낭/호이안, 골든베이호텔, 4인이상 코너스윗업그레이드, 노옵션, 필수일정 포함",다낭,5,최*훈,2025년 10월 06일,"추석명절이 너무 길어서 긴급으로 잡은 패키지임으로 크게 기대하지 않고 갔습니다. 이번다낭 여행이 3번째인데 좋은 상품 패키지, 좋은 날씨, 맛있는 음식 그리고 친절하며 특별한 이벤트까지 준비한 가이드 덕분에 최고의 여행을 한 것 같습니다. 감사합니다"
ASVNP21331,"다낭/호이안, 골든베이호텔, 4인이상 코너스윗업그레이드, 노옵션, 필수일정 포함",다낭,5,강*원,2025년 10월 03일,"9월27일 20호태풍으로 걱정이 많았지만
윤창식가이드님과 일행분들의 동의로 일정을 조정하여
즐거운 3박5일의 시간을 보냈어요
기상문제로 일정 진행에 어려움이 있었지만
가이드님을 믿고 진행한결과 모두가 만족하는 여행었습니다
계획되어 있는 모든일정을 빠짐없이 챙겨주시려는 모습에 감동^^
3박5일이라는 시간이 엄청 짧게 느껴질정도로 즐겁고 행복한 시간을 만들어주셔서 감사^^
윤창식가이드님을 만난건 행운이에요ㅎ"
ASVNP21331,"다낭/호이안, 골든베이호텔, 4인이상 코너스윗업그레이드, 노옵션, 필수일정 포함",다낭,5,이*주,2025년 08월 15일,"7살 11살 두아이를 데리고 가는 첫가족 패키지여행 긴장도 많이하고 패키지에 대한 안좋은 인식도 많아 걱정반 설렘반으로 시작되었던 이번여행
우리의 걱정과달리 가이드님들이 너무 좋으셨다
휘라는 현지가이드님은 내인식과는 전혀다르게 인상도 좋고 잼있으셔서 여행내내 기분 좋게 해주시고
강성두 부장님은 알찬 설명과 재밌는 말솜씨로 다낭에 대한 이해도와 역사에 대하여 알려주셔서 우리의 보는 눈높이를 올려주셨다
우리가 갔을땐 팀원분들 날씨 가이드 운까지 골고루 갖춰져 다낭 첫여행이 좋은추억으로 가득 담을 수 있었던 것 같다
만약 지인이 다낭 패키지릉 예약 했는데 강성두부장님으로 가이드지정되었다고 한다면 그냥 믿고 즐겨라~ 라고 말할수 있을것같다??
아이들도 그런 감정이 통했던 건지 마지막날 7살 아들래미는 휘(현지가이드)와 헤어지려 할때 울먹거리는게 어찌나 짠한지??
패키지란 안좋은 인식을 깨주신 강성두부장님과 휘가이드님 너무 감사했어여~ 덕분에 좋은 추억 가득 담아왔습니다!!
★☆정말 입맛까탈스런 두아이인데 강성두부장님의 추천 현지식은 잘먹어서 아이들 못먹는 걱정을 덜 수 있어서 엄마로서 만족☆★
p.s 다낭 여기저기 같이 다니면서 다른 가이드님들과도 마주치는데 우리 휘와 강성두 부장님 패션감각이 젤 좋았다는!!!
강성두 부장님 가이드 지정 되었다면 이번여행은 럭키구나 생각하고 가시라고 말해주고싶다~
from 똥냄새. ㅋㅋㅋ"
ASVNP22072,"다낭/호이안, 월드체인 노보텔, NO옵션, 오전자유1회+3대 야경,간식4종 포함",다낭,5,장*순,1일 전,"주상욱가이드님이랑 함께한 다낭 여행이 너무 즐겁고 행복했습니다.
생각지도 못한 깜짝 이벤트도 해주시고 베트남에대해 많은 이야기도 해주시고~
혹시 담에 또 패키지로 다낭을 간다면 주상욱가이드님과 함께하고싶습니다~👍👍👍
수고하셨고 감사합니다"
ASVNP22072,"다낭/호이안, 월드체인 노보텔, NO옵션, 오전자유1회+3대 야경,간식4종 포함",다낭,5,이*희,3월 15일,3월10일부터 김보경 가이드님 동행일정으로다녀왔습니다. 10년전 가이드투어에 스트레스받고 다시는가이드투어를하지말아야겠다 다짐하고 이번에는 부모님 독립을 위한 경험을 위해 가이드투어를 신청하게되었는데요. 가이드님께서 안좋았던이미지또한 가이드가바꾸는것이라는말씀을하셨는데. 말그대로 너무좋은추억과기억 그리고 사람에대한 믿음과 신뢰마저 얻어가게되는 투어였습니다. 오히려 너무 스페셜등급의 가이드를만나서 앞으로 부모님들만 보내드릴여행이 걱정이되는? 정도의 완벽한투어였습니다.  배려와친절 노력과지식 모든것이 완벽했고. 투어내내비가내렸지만 그마저도 운치있고 덜더워 다행이라느낄수있게. 행복한여행만들어주셔서감사했습니다.
ASVNP22072,"다낭/호이안, 월드체인 노보텔, NO옵션, 오전자유1회+3대 야경,간식4종 포함",다낭,5,전*표,2월 10일,"우기인 걸 모르고 가서 흐리고 비가 가끔 뿌리는 날씨였던 것이 아쉽지만 그 외 모든 것이 좋았습니다.
서성훈 가이드님과 현지 가이드님도 친절한 안내가 좋았어요.
어머니가 고령이고 많이 걷기 힘드셨는데 적절한 이동속도와 동선.
상황에 따라 이용가능한 이동수단 제안,
덕분에 잘 다녀왔습니다.
여행지인 다낭을 포함해 베트남과 동남아 전체를 아우르는 설명이 굉장히 좋았습니다.
다음에 또 간다면 다시 함께할 수 있으면 좋겠습니다."
ASVNP22072,"다낭/호이안, 월드체인 노보텔, NO옵션, 오전자유1회+3대 야경,간식4종 포함",다낭,5,이*숙,1월 25일,"김찬호 가이드님 멋지고 친절하고 최고였습니다. 
첫날 24명 이름을 밤새 외워서 불러주는데 와~~~ 믿을 수가 없었어요! 왜냐면 전날 저희가 11시 30분에 도착하고 4번 따로 마중나와야 해서 새벽 2시에 호텔 데려다주고 집에 가신 거였는데.... 고객 한명 한명에게 최선을 다하는 감동과 감탄으로 여행을 시작했어요! 
감동이었던 것이 한 두가지가 아니었는데 하나 더 말씀드리고 싶은 것은
다리 불편하신 일행이 있었는데 엘리베이터도 없는 바나힐테마파크 꼭 가셔야한다며 휠체어 손수 끌고 에스컬레이터에서는 온 몸으로 받쳐서 동행하는 모습 보고 감동이었어요~ 20년 넘게 해외 패키지 여행하며 최고였습니다~ 패키지여행은 옵션 조정하는 것이 엄청 어려운데 모든 분들 잘 협의해서 이끌어주셨어요! 가는 곳마다 사진도 찍어주시고 카톡으로 바로 보내주셨고요 설명도 어찌나 잘 하시는지...쇼핑할 때 서비스도 잘 받을 수 있도록 힘써주시기도 적극적이시고! 뭐든지 오케이 강요하지도 않으시고~ 첫날 진상 고객도 죄송하다고 낮은 자세로 겸손하게 잘 대응하시고... 성격이 엄청 강한 일행들 다 말 받아주시고....첫날 이번 여행 일행들 때문에 망했다 싶었는데 정말 가이드님이 잘 하셔서 즐겁기만 해서 행복했습니다 노보텔 호텔 조식도 맛있고 넓고 편안했고 간식도 맛있었어요~"
ASVNP22072,"다낭/호이안, 월드체인 노보텔, NO옵션, 오전자유1회+3대 야경,간식4종 포함",다낭,5,정*연,2025년 02월 14일,"처음 해외여행 가시는 부모님과 함께한 여행이었어요
걱정도 조금 했었는데
엄마를 이규영가이드님이 신경써주셔서 편안한 여행 이었어요
좋은 상품과 친절하고 세심한 짱가이드와 이규영 가이드덕에
우리가족 모두 만족한 여행.이었어요
해외여행 처음가시는 부모님과
함께하기에 좋은상품 이라고 생각되며
부모님과 여행을 계획하시는분들께
이상품을 적극추천합니다"
ASVNP22072,"다낭/호이안, 월드체인 노보텔, NO옵션, 오전자유1회+3대 야경,간식4종 포함",다낭,5,장*순,1일 전,"주상욱가이드님이랑 함께한 다낭 여행이 너무 즐겁고 행복했습니다.
생각지도 못한 깜짝 이벤트도 해주시고 베트남에대해 많은 이야기도 해주시고~
혹시 담에 또 패키지로 다낭을 간다면 주상욱가이드님과 함께하고싶습니다~👍👍👍
수고하셨고 감사합니다"
ASVNP22072,"다낭/호이안, 월드체인 노보텔, NO옵션, 오전자유1회+3대 야경,간식4종 포함",다낭,5,이*희,3월 15일,3월10일부터 김보경 가이드님 동행일정으로다녀왔습니다. 10년전 가이드투어에 스트레스받고 다시는가이드투어를하지말아야겠다 다짐하고 이번에는 부모님 독립을 위한 경험을 위해 가이드투어를 신청하게되었는데요. 가이드님께서 안좋았던이미지또한 가이드가바꾸는것이라는말씀을하셨는데. 말그대로 너무좋은추억과기억 그리고 사람에대한 믿음과 신뢰마저 얻어가게되는 투어였습니다. 오히려 너무 스페셜등급의 가이드를만나서 앞으로 부모님들만 보내드릴여행이 걱정이되는? 정도의 완벽한투어였습니다.  배려와친절 노력과지식 모든것이 완벽했고. 투어내내비가내렸지만 그마저도 운치있고 덜더워 다행이라느낄수있게. 행복한여행만들어주셔서감사했습니다.
ASVNP22072,"다낭/호이안, 월드체인 노보텔, NO옵션, 오전자유1회+3대 야경,간식4종 포함",다낭,5,전*표,2월 10일,"우기인 걸 모르고 가서 흐리고 비가 가끔 뿌리는 날씨였던 것이 아쉽지만 그 외 모든 것이 좋았습니다.
서성훈 가이드님과 현지 가이드님도 친절한 안내가 좋았어요.
어머니가 고령이고 많이 걷기 힘드셨는데 적절한 이동속도와 동선.
상황에 따라 이용가능한 이동수단 제안,
덕분에 잘 다녀왔습니다.
여행지인 다낭을 포함해 베트남과 동남아 전체를 아우르는 설명이 굉장히 좋았습니다.
다음에 또 간다면 다시 함께할 수 있으면 좋겠습니다."
ASVNP22072,"다낭/호이안, 월드체인 노보텔, NO옵션, 오전자유1회+3대 야경,간식4종 포함",다낭,5,이*숙,1월 25일,"김찬호 가이드님 멋지고 친절하고 최고였습니다. 
첫날 24명 이름을 밤새 외워서 불러주는데 와~~~ 믿을 수가 없었어요! 왜냐면 전날 저희가 11시 30분에 도착하고 4번 따로 마중나와야 해서 새벽 2시에 호텔 데려다주고 집에 가신 거였는데.... 고객 한명 한명에게 최선을 다하는 감동과 감탄으로 여행을 시작했어요! 
감동이었던 것이 한 두가지가 아니었는데 하나 더 말씀드리고 싶은 것은
다리 불편하신 일행이 있었는데 엘리베이터도 없는 바나힐테마파크 꼭 가셔야한다며 휠체어 손수 끌고 에스컬레이터에서는 온 몸으로 받쳐서 동행하는 모습 보고 감동이었어요~ 20년 넘게 해외 패키지 여행하며 최고였습니다~ 패키지여행은 옵션 조정하는 것이 엄청 어려운데 모든 분들 잘 협의해서 이끌어주셨어요! 가는 곳마다 사진도 찍어주시고 카톡으로 바로 보내주셨고요 설명도 어찌나 잘 하시는지...쇼핑할 때 서비스도 잘 받을 수 있도록 힘써주시기도 적극적이시고! 뭐든지 오케이 강요하지도 않으시고~ 첫날 진상 고객도 죄송하다고 낮은 자세로 겸손하게 잘 대응하시고... 성격이 엄청 강한 일행들 다 말 받아주시고....첫날 이번 여행 일행들 때문에 망했다 싶었는데 정말 가이드님이 잘 하셔서 즐겁기만 해서 행복했습니다 노보텔 호텔 조식도 맛있고 넓고 편안했고 간식도 맛있었어요~"
ASVNP22072,"다낭/호이안, 월드체인 노보텔, NO옵션, 오전자유1회+3대 야경,간식4종 포함",다낭,5,정*연,2025년 02월 14일,"처음 해외여행 가시는 부모님과 함께한 여행이었어요
걱정도 조금 했었는데
엄마를 이규영가이드님이 신경써주셔서 편안한 여행 이었어요
좋은 상품과 친절하고 세심한 짱가이드와 이규영 가이드덕에
우리가족 모두 만족한 여행.이었어요
해외여행 처음가시는 부모님과
함께하기에 좋은상품 이라고 생각되며
부모님과 여행을 계획하시는분들께
이상품을 적극추천합니다"
ASVNP21411,"다낭/호이안 4/5일,멜리아 빈펄리버 리버뷰 업그레이드,최다혜택+오전자유1회",다낭,5,정*연,1월 6일,"새해 첫 여행을 다낭으로 다녀왔는데, 3박 5일 동안 진짜 너무 즐겁게 잘 쉬다 왔어요. 날씨도 좋고, 분위기도 여유롭고, 여행 시작부터 기분이 계속 좋았던 것 같아요. 특히 이번 여행은 정종복 가이드님 이 함께해주셔서 더 편하고 즐거운 시간이었어요.
일정이 다낭뿐만 아니라 호이안이랑 바나힐까지 포함되어 있었는데 , 이동할 때마다 그냥 데려다주고 끝이 아니라, 각 장소마다 역사나 문화 같은 것도 쉽게 설명해주셔서 더 흥미롭게 볼 수 있었어요. 단순히 사진만 찍고 오는 여행이 아니라, 이야기를 듣고 보니까 확실히 기억에 더 남더라구요.
식사도 하나같이 다 맛있었고 , 현지 음식도 부담 없이 즐길 수 있게 잘 안내해주셔서 좋았어요. 일정도 너무 빡빡하지 않고 적당히 쉬는 시간도 있어서 체력적으로도 힘들지 않았고, 이동 동선도 가이드님이 잘 짜주셔서 전반적으로 되게 안정적인 여행이었어요. 비가와도 걱정이 없답니다!
그리고 무엇보다도 가이드님이 계속 세심하게 챙겨주셔서 정말 든든했어요. 덕분에 너무 편하게 다닐 수 있었고, 소소한 질문들도 친절하게 다 답해주셔서 믿고 따라다니기만 하면 됐습니다 ??
새해 첫 여행을 이렇게 좋은 기억으로 채울 수 있어서 정말 만족스러웠고, 또 기회 되면 한 번 더 가보고 싶을 정도예요. 다낭 여행 고민하시는 분들께 진짜 추천드리고 싶고, 가능하면 정종복 가이드님과 함께 하시면 더 즐겁게 다녀오실 수 있을 거예요! 현지가이드 후 형도요 ?"
ASVNP21411,"다낭/호이안 4/5일,멜리아 빈펄리버 리버뷰 업그레이드,최다혜택+오전자유1회",다낭,5,김*미,2024년 11월 19일,"The guide was good.
The weather was good
The schedule was also good
However, I don't think sushi buffet is enough for those who like sushi or raw fish"
ASVNP21411,"다낭/호이안 4/5일,멜리아 빈펄리버 리버뷰 업그레이드,최다혜택+오전자유1회",다낭,5,이*지,2024년 10월 07일,"최고의 다낭 여행
항공권 금액으로 항공권 5성급 호텔 (최고의 조식+수영장) 관광지 입장료 식사 모두 포함이였음.
가성비로 이로 말할수 없이 최고 였고 아쉬웠던 부분은 자유여행 일정이 적었던 것과 쇼핑이엿음 패키지라 어쩔수 없다는 걸 감안하고 갓지만 안사면 시간 낭비라 아쉬웟음"
ASVNP21411,"다낭/호이안 4/5일,멜리아 빈펄리버 리버뷰 업그레이드,최다혜택+오전자유1회",다낭,5,김*경,2024년 09월 30일,"좋은 가이드분만나 너무좋은 여행이였습니다 감사합니다
다음에도 여행기회가있음 인터파크이용하여 좋은여행이되었으면좋겠어요"
ASVNP21411,"다낭/호이안 4/5일,멜리아 빈펄리버 리버뷰 업그레이드,최다혜택+오전자유1회",다낭,5,이*영,2024년 09월 16일,처음부터 일정은 모두 리셋되고 연합으로 진행되긴했지만 즐겁게 잘 보냈습니다. 아침부터 저녁까지 아니 밤 늦게 까지 빡빡한 일정으로 거의 기절하면서 잠들긴 했지만 덕분에 짧은 시간에 많은 추억 쌓을 수 있었습니다. 느긋한 여행을 원한다면 자유 여행으로 가야겠죠~ㅎㅎ 주변에 많이 추천하겠습니다!
ASVNP21411,"다낭/호이안 4/5일,멜리아 빈펄리버 리버뷰 업그레이드,최다혜택+오전자유1회",다낭,5,정*연,1월 6일,"새해 첫 여행을 다낭으로 다녀왔는데, 3박 5일 동안 진짜 너무 즐겁게 잘 쉬다 왔어요. 날씨도 좋고, 분위기도 여유롭고, 여행 시작부터 기분이 계속 좋았던 것 같아요. 특히 이번 여행은 정종복 가이드님 이 함께해주셔서 더 편하고 즐거운 시간이었어요.
일정이 다낭뿐만 아니라 호이안이랑 바나힐까지 포함되어 있었는데 , 이동할 때마다 그냥 데려다주고 끝이 아니라, 각 장소마다 역사나 문화 같은 것도 쉽게 설명해주셔서 더 흥미롭게 볼 수 있었어요. 단순히 사진만 찍고 오는 여행이 아니라, 이야기를 듣고 보니까 확실히 기억에 더 남더라구요.
식사도 하나같이 다 맛있었고 , 현지 음식도 부담 없이 즐길 수 있게 잘 안내해주셔서 좋았어요. 일정도 너무 빡빡하지 않고 적당히 쉬는 시간도 있어서 체력적으로도 힘들지 않았고, 이동 동선도 가이드님이 잘 짜주셔서 전반적으로 되게 안정적인 여행이었어요. 비가와도 걱정이 없답니다!
그리고 무엇보다도 가이드님이 계속 세심하게 챙겨주셔서 정말 든든했어요. 덕분에 너무 편하게 다닐 수 있었고, 소소한 질문들도 친절하게 다 답해주셔서 믿고 따라다니기만 하면 됐습니다 ??
새해 첫 여행을 이렇게 좋은 기억으로 채울 수 있어서 정말 만족스러웠고, 또 기회 되면 한 번 더 가보고 싶을 정도예요. 다낭 여행 고민하시는 분들께 진짜 추천드리고 싶고, 가능하면 정종복 가이드님과 함께 하시면 더 즐겁게 다녀오실 수 있을 거예요! 현지가이드 후 형도요 ?"
ASVNP21411,"다낭/호이안 4/5일,멜리아 빈펄리버 리버뷰 업그레이드,최다혜택+오전자유1회",다낭,5,김*미,2024년 11월 19일,"The guide was good.
The weather was good
The schedule was also good
However, I don't think sushi buffet is enough for those who like sushi or raw fish"
ASVNP21411,"다낭/호이안 4/5일,멜리아 빈펄리버 리버뷰 업그레이드,최다혜택+오전자유1회",다낭,5,이*지,2024년 10월 07일,"최고의 다낭 여행
항공권 금액으로 항공권 5성급 호텔 (최고의 조식+수영장) 관광지 입장료 식사 모두 포함이였음.
가성비로 이로 말할수 없이 최고 였고 아쉬웠던 부분은 자유여행 일정이 적었던 것과 쇼핑이엿음 패키지라 어쩔수 없다는 걸 감안하고 갓지만 안사면 시간 낭비라 아쉬웟음"
ASVNP21411,"다낭/호이안 4/5일,멜리아 빈펄리버 리버뷰 업그레이드,최다혜택+오전자유1회",다낭,5,김*경,2024년 09월 30일,"좋은 가이드분만나 너무좋은 여행이였습니다 감사합니다
다음에도 여행기회가있음 인터파크이용하여 좋은여행이되었으면좋겠어요"
ASVNP21411,"다낭/호이안 4/5일,멜리아 빈펄리버 리버뷰 업그레이드,최다혜택+오전자유1회",다낭,5,이*영,2024년 09월 16일,처음부터 일정은 모두 리셋되고 연합으로 진행되긴했지만 즐겁게 잘 보냈습니다. 아침부터 저녁까지 아니 밤 늦게 까지 빡빡한 일정으로 거의 기절하면서 잠들긴 했지만 덕분에 짧은 시간에 많은 추억 쌓을 수 있었습니다. 느긋한 여행을 원한다면 자유 여행으로 가야겠죠~ㅎㅎ 주변에 많이 추천하겠습니다!
ASVNP21588,"다낭/호이안 4/5일, 5성급 멜리아비치리조트, 노옵션, 대한항공, 행복듬뿍 여행",다낭,5,전*순,1월 16일,"너무나 즐겁고 행복했던 환갑여행 4남매 배우자들과 함께한 환갑여행 서로 환갑때 같이여행 하자 약속하고 같이여행을 하기시작하면서 두번째 환갑여행 요번여행은 인터파크에서 예약한 패키지 여행 조금 불편하지 않을까 재미없으면 어쩌나 억지로 끌려다니면서하기싫은거 하는거 아닌가 걱정도 많았지만 요번여행은 나의 걱정이 기우였습니다 너무나 즐겁고 내가 하고 싶은거 다하고 구경도 잘하고 잘즐기고 너무나 즐겁고 행복했습니다. 특히 이경호 가이드님 너무나 감사 합니다 뭐하나 불편없이 새심하게 신경써주시고 즐거운 여행이될수 있도록 섬세하게 배려해주시고 정말 감사합니다
또 다낭 패키지 여행을 간다 하면 다시한번 같이 하고싶어요
인터파크 번창하세요"
ASVNP21588,"다낭/호이안 4/5일, 5성급 멜리아비치리조트, 노옵션, 대한항공, 행복듬뿍 여행",다낭,5,T******* YOKO,2025년 08월 31일,"패케지 여행 처음이라 여러 불안함이 있었는데 너무나 좋은 3박5일 여행 였습니다.
일단 식사가 매번 너무 맛있어서 이 가격으로 이렇게까지 해주시니 미안한정도 였습니다.
첫날은 Activity, 둘째날은 야시장 포함 문화체험, 마지막날은 쇼핑으로 만족도기 높았습니다.
가이드는 이대왕부장님으로 베테란 포스가 나오고 애랑 같이 가도 너무 안심하고 안전한 여행을 할 수 있었습니다.
부장님이 미리 베트남 분께 인사 하는 방법이나 예절을 알려주셔서 우리 팀 모드가 존중 속에 여행을 할 수 있었던 거 같습니다,
현지 가이드인 하나씨도 너무 친절했습니다!
만족도가 높아 다시 베트남을 가고싶은 마음을 남겨 공항을 떠났습니다.
놀유니버스, 대왕팀 최고?!!"
ASVNP21588,"다낭/호이안 4/5일, 5성급 멜리아비치리조트, 노옵션, 대한항공, 행복듬뿍 여행",다낭,5,유*미,2025년 08월 10일,"매년 엄마여행을 시켜드리려고 비행기시간이 길지 않고
자유시간이 있으며 다니기 불편하지 않은 상품으로 고른 다낭 패키지 여행이었습니다.
결론적으론 잘 선택한거 같아요.
우선 중요한 음식인 리조트 조식은 깔끔 하고 먹을게 많았어요.(1일 1쌀국수 했답니다)
현지식, 모두 엄마가 잘드셔서 다행이다 싶었습니다.
베트남 음식 못드시는 분들이 몇몇보이더라구요..
저희는 만족하며 먹었습니다. 엄마는 특히 장어 너무 좋았다고 하셨어요^^
바나힐은 케이블카 타는게 조금 무섭긴해도 한번쯤 가볼만한 멋진풍경과 인생샷 남기기 딱이엇어요.
골든브릿지 말해뭐해요 ..사진백장찍었습니다^^
호이안 올드타운 뉴타운 구경하며 콩카페도 가고 야시장 가서 이것저것 구매하고
소원배도 띄우고 행복한 시간이었어요~~^^
다낭가기전 날씨검색에 비가 떠서 우산이랑 우비를 준비했는데 다행히도 날씨요정이 찾아와주었네요.
어딜가든 쨍한 날씨덕에 모든사진이 잘 나왔어요 행복한여행이었습니다.
마지막날 한강유람선 야경도 잊지못할거같아요.
너무너무시원하고 속이 뻥 뚫려 한국에서의 스트레스가 다 날라가는거같았어요ㅠㅠ
다시가고싶다... ㅎㅎ
무엇보다 엄마가 잘 따라와주셔서 이 여행상품을 고른 저 칭찬합니다^^
쇼핑 부담이 있다고 하던데 그런거 전혀없엇고 저흰 커피 맛잇어서 구매했어요.
3번째 잡화점에서도 이것저것 구매했답니다.
(망고젤리. 과자.라면등등.공항에서 망고젤리 8달러였어요 여기서 사세요~)
베트남 가이드 옌 저희 모녀 사진도 많이 찍어주고
마지막까지 공항에서도 잘 설명해주고 고마웠어요!!!!
행복한시간이었습니다.
내년에도 인터파크 이용할게요♡
리조트 수영장 좋아요 꼭이용하세요
1일 1수영 했습니다~"
ASVNP21588,"다낭/호이안 4/5일, 5성급 멜리아비치리조트, 노옵션, 대한항공, 행복듬뿍 여행",다낭,5,이*연,2025년 03월 27일,"평생 기억에 남을 여행이네용 ㅎㅎㅎ 여행 첫날부터 마지막날까지 날씨도 너무 좋았고, 다낭의 이색적인 문화 체험과 음식도 알차게 즐기다가 온 것 같습니다!"
ASVNP21588,"다낭/호이안 4/5일, 5성급 멜리아비치리조트, 노옵션, 대한항공, 행복듬뿍 여행",다낭,5,정*정,2024년 12월 26일,"딸아이가 시간이 되서 급히 여행일정 잡아서 가족 여행으로 베트남 다낭 선택했어요.
정말 너무 급히 일정을 잡느라 예약잡는순간부터 취소하면 80% 위약금을 문다고 신중하게 예약하라는 여행사의 안내 멘트~~ㅋ
일정잡고 보니 다낭은 우기였네요. 걱정많이 했는데 일정내내보면 그리 많은 비는 안내렸어요
3박4일 일정으로 우리가족하고 남편친구해서 4명이서 간 여행인데 첫날 도착해보니 비가 많이 내려서
운동화 다 젖고 가방에서 우산도 못꺼내고 춥고 암튼 베트남이 추우리란 상상은 못했는데 춥더라구요
조금 투어하고 저녁으로 장어구이 먹었어요 넘나 맛남
2~3일 일정도 바나힐 너무 기대했는데 우기라 안개인지 구름속인지 가까이 가야만 골든브릿지 손가락 보이고 춥고 비오고 너무 안타깝습니다. 비어프라자였던가요 거기음식과 공연 너무 신나고 좋았어요. 다음날 바구니배 재밌고 호이안 야경 화려하고 이쁘고 베트남다운 야경이었어요. 맛사지도 꽤 좋았습니다.
4일째 오후에 떠나는데 오전내내 쇼핑3회. 알고는 있었지만 좀 시간이 아까운건 사실입니다
식사도 1-2차는 좋았는데 3-4일차는 좀 별로였던걸로 기억합니다. 몽골리안그릴있길래 고기인줄 식당이름이 몽골리안 그릴 배고팠습니다. 호이안에서 다른걸로 사먹었어요. 다른팀에게 물어보니 그쪽도 배부르지 않았다고 암튼 그랬습니다.
급히 구하느라 본다고 보는데 다낭상품은 거의가 다 쇼핑 3회였어요. 사실 여행가면 쇼핑도 해야 선물도 사오니 구성에 있는건 좋다고 생각하는 1인인데 너무 하루에 다 몰아놓는건 좀 힘든면이 있네요.
그래도 같이간 일행들은 좋다고 다시오고 싶다고 하고 저는 아침에 11시까지 자유시간 주는거 여유있어서 만족합니다. 숙소 깔끔하고 조식 너무 맛있었습니다. 또한 가이드님께서 역사이야기라던가 여행지가는곳을 꼼꼼히 설명해주시는 부분 좋았구요. 이번 투어 일행이 25명이라 가이드님이 일행들 챙기느라 힘드셨을텐데도 잘 해주셨어요
건기때의 바나힐을 꼭 다시한번 오고 싶네요. 호이안야경도 다시보고 싶구요..
그리고 패키지 여행 좋아하는데 인터파크투어는 첨이라 걱정 많이 했는데 일정 만족하고 좋습니다. 다음에도 인터파크투어 홈쇼핑서 나오면 눈여겨 보겠습니다. 감사합니다."
ASVNP21588,"다낭/호이안 4/5일, 5성급 멜리아비치리조트, 노옵션, 대한항공, 행복듬뿍 여행",다낭,5,전*순,1월 16일,"너무나 즐겁고 행복했던 환갑여행 4남매 배우자들과 함께한 환갑여행 서로 환갑때 같이여행 하자 약속하고 같이여행을 하기시작하면서 두번째 환갑여행 요번여행은 인터파크에서 예약한 패키지 여행 조금 불편하지 않을까 재미없으면 어쩌나 억지로 끌려다니면서하기싫은거 하는거 아닌가 걱정도 많았지만 요번여행은 나의 걱정이 기우였습니다 너무나 즐겁고 내가 하고 싶은거 다하고 구경도 잘하고 잘즐기고 너무나 즐겁고 행복했습니다. 특히 이경호 가이드님 너무나 감사 합니다 뭐하나 불편없이 새심하게 신경써주시고 즐거운 여행이될수 있도록 섬세하게 배려해주시고 정말 감사합니다
또 다낭 패키지 여행을 간다 하면 다시한번 같이 하고싶어요
인터파크 번창하세요"
ASVNP21588,"다낭/호이안 4/5일, 5성급 멜리아비치리조트, 노옵션, 대한항공, 행복듬뿍 여행",다낭,5,T******* YOKO,2025년 08월 31일,"패케지 여행 처음이라 여러 불안함이 있었는데 너무나 좋은 3박5일 여행 였습니다.
일단 식사가 매번 너무 맛있어서 이 가격으로 이렇게까지 해주시니 미안한정도 였습니다.
첫날은 Activity, 둘째날은 야시장 포함 문화체험, 마지막날은 쇼핑으로 만족도기 높았습니다.
가이드는 이대왕부장님으로 베테란 포스가 나오고 애랑 같이 가도 너무 안심하고 안전한 여행을 할 수 있었습니다.
부장님이 미리 베트남 분께 인사 하는 방법이나 예절을 알려주셔서 우리 팀 모드가 존중 속에 여행을 할 수 있었던 거 같습니다,
현지 가이드인 하나씨도 너무 친절했습니다!
만족도가 높아 다시 베트남을 가고싶은 마음을 남겨 공항을 떠났습니다.
놀유니버스, 대왕팀 최고?!!"
ASVNP21588,"다낭/호이안 4/5일, 5성급 멜리아비치리조트, 노옵션, 대한항공, 행복듬뿍 여행",다낭,5,유*미,2025년 08월 10일,"매년 엄마여행을 시켜드리려고 비행기시간이 길지 않고
자유시간이 있으며 다니기 불편하지 않은 상품으로 고른 다낭 패키지 여행이었습니다.
결론적으론 잘 선택한거 같아요.
우선 중요한 음식인 리조트 조식은 깔끔 하고 먹을게 많았어요.(1일 1쌀국수 했답니다)
현지식, 모두 엄마가 잘드셔서 다행이다 싶었습니다.
베트남 음식 못드시는 분들이 몇몇보이더라구요..
저희는 만족하며 먹었습니다. 엄마는 특히 장어 너무 좋았다고 하셨어요^^
바나힐은 케이블카 타는게 조금 무섭긴해도 한번쯤 가볼만한 멋진풍경과 인생샷 남기기 딱이엇어요.
골든브릿지 말해뭐해요 ..사진백장찍었습니다^^
호이안 올드타운 뉴타운 구경하며 콩카페도 가고 야시장 가서 이것저것 구매하고
소원배도 띄우고 행복한 시간이었어요~~^^
다낭가기전 날씨검색에 비가 떠서 우산이랑 우비를 준비했는데 다행히도 날씨요정이 찾아와주었네요.
어딜가든 쨍한 날씨덕에 모든사진이 잘 나왔어요 행복한여행이었습니다.
마지막날 한강유람선 야경도 잊지못할거같아요.
너무너무시원하고 속이 뻥 뚫려 한국에서의 스트레스가 다 날라가는거같았어요ㅠㅠ
다시가고싶다... ㅎㅎ
무엇보다 엄마가 잘 따라와주셔서 이 여행상품을 고른 저 칭찬합니다^^
쇼핑 부담이 있다고 하던데 그런거 전혀없엇고 저흰 커피 맛잇어서 구매했어요.
3번째 잡화점에서도 이것저것 구매했답니다.
(망고젤리. 과자.라면등등.공항에서 망고젤리 8달러였어요 여기서 사세요~)
베트남 가이드 옌 저희 모녀 사진도 많이 찍어주고
마지막까지 공항에서도 잘 설명해주고 고마웠어요!!!!
행복한시간이었습니다.
내년에도 인터파크 이용할게요♡
리조트 수영장 좋아요 꼭이용하세요
1일 1수영 했습니다~"
ASVNP21588,"다낭/호이안 4/5일, 5성급 멜리아비치리조트, 노옵션, 대한항공, 행복듬뿍 여행",다낭,5,이*연,2025년 03월 27일,"평생 기억에 남을 여행이네용 ㅎㅎㅎ 여행 첫날부터 마지막날까지 날씨도 너무 좋았고, 다낭의 이색적인 문화 체험과 음식도 알차게 즐기다가 온 것 같습니다!"
ASVNP21588,"다낭/호이안 4/5일, 5성급 멜리아비치리조트, 노옵션, 대한항공, 행복듬뿍 여행",다낭,5,정*정,2024년 12월 26일,"딸아이가 시간이 되서 급히 여행일정 잡아서 가족 여행으로 베트남 다낭 선택했어요.
정말 너무 급히 일정을 잡느라 예약잡는순간부터 취소하면 80% 위약금을 문다고 신중하게 예약하라는 여행사의 안내 멘트~~ㅋ
일정잡고 보니 다낭은 우기였네요. 걱정많이 했는데 일정내내보면 그리 많은 비는 안내렸어요
3박4일 일정으로 우리가족하고 남편친구해서 4명이서 간 여행인데 첫날 도착해보니 비가 많이 내려서
운동화 다 젖고 가방에서 우산도 못꺼내고 춥고 암튼 베트남이 추우리란 상상은 못했는데 춥더라구요
조금 투어하고 저녁으로 장어구이 먹었어요 넘나 맛남
2~3일 일정도 바나힐 너무 기대했는데 우기라 안개인지 구름속인지 가까이 가야만 골든브릿지 손가락 보이고 춥고 비오고 너무 안타깝습니다. 비어프라자였던가요 거기음식과 공연 너무 신나고 좋았어요. 다음날 바구니배 재밌고 호이안 야경 화려하고 이쁘고 베트남다운 야경이었어요. 맛사지도 꽤 좋았습니다.
4일째 오후에 떠나는데 오전내내 쇼핑3회. 알고는 있었지만 좀 시간이 아까운건 사실입니다
식사도 1-2차는 좋았는데 3-4일차는 좀 별로였던걸로 기억합니다. 몽골리안그릴있길래 고기인줄 식당이름이 몽골리안 그릴 배고팠습니다. 호이안에서 다른걸로 사먹었어요. 다른팀에게 물어보니 그쪽도 배부르지 않았다고 암튼 그랬습니다.
급히 구하느라 본다고 보는데 다낭상품은 거의가 다 쇼핑 3회였어요. 사실 여행가면 쇼핑도 해야 선물도 사오니 구성에 있는건 좋다고 생각하는 1인인데 너무 하루에 다 몰아놓는건 좀 힘든면이 있네요.
그래도 같이간 일행들은 좋다고 다시오고 싶다고 하고 저는 아침에 11시까지 자유시간 주는거 여유있어서 만족합니다. 숙소 깔끔하고 조식 너무 맛있었습니다. 또한 가이드님께서 역사이야기라던가 여행지가는곳을 꼼꼼히 설명해주시는 부분 좋았구요. 이번 투어 일행이 25명이라 가이드님이 일행들 챙기느라 힘드셨을텐데도 잘 해주셨어요
건기때의 바나힐을 꼭 다시한번 오고 싶네요. 호이안야경도 다시보고 싶구요..
그리고 패키지 여행 좋아하는데 인터파크투어는 첨이라 걱정 많이 했는데 일정 만족하고 좋습니다. 다음에도 인터파크투어 홈쇼핑서 나오면 눈여겨 보겠습니다. 감사합니다."
ASVNP21392,"다낭/호이안 4일, NO옵션,NO가이드경비! 마사지 2회+호이안 전통카 포함, 더 꽉찬 여행",다낭,5,이*병,2025년 09월 19일,"바쁘다는 핑계로 한동안 가족들과 함께 해외여행을 못 갔다.
이번 기회에 기억에 남는,재미난 여행(9/7~9/11)이 되길 바랬는데 일주일이 지난 지금까지 기대 이상으로 깊은 여운이 남아 있다.중1 딸아이는 '퀴엔' 현지 가이드님과 금세 친해져서 연락처를 주고받고 오늘도 안부를 묻는 톡을 전했다고 한다. 초3 아들은 언제 또 다낭에 가냐고 보챈다.집사람은 내년 초 2차 다낭 여행을 계획중이다.
우리 여행객 19명을 담당한 김성호 가이드님은 버스 이동시 빨려들 정도로 재밌고 쉽게 다낭에 관한 역사,문화 등을 이야기해 주셨다. 그래서 전혀 지루하지 않았다.또한, 자유시간에 우리들이 필요로 하는 물건을 파는 점포에 데려다주고 유창한 베트남어로 에누리까지 해주셔서 물건 구입에서 바가지 쓰는 일이 없었다.그 외 친절함은 더 말 할 것도 없다.
마지막 날. 공항에서 많은 사람들이 몰리고 빨리 수하물을 옮겨야 하는 바쁜 상황이라 3박 5일을 함께 했던 분들께 인사를 못 드려서 마음이 걸린다. 그 중에는 부모님과 연세가 같은 어르신도 계셨는데...
우리 가족에게 소중한 추억을 만들어 주신 김성호 가이드님과 함께 다낭 여행했던 열 아홉 분들께 깊이 감사하고 그 분들이 항상 건강하시기를 두 손 모아 기도한다."
ASVNP21386,"다낭/호이안 4/5일, 포포인츠쉐라톤호텔, 오전자유 1회+3대 야경+마켓+카페투어 포함",다낭,5,김*균,1월 5일,"가족들과 처음으로 해외 패키지 여행을 다녀왔습니다. 저는 그동안 일본을 포함해 5번 넘게 해외여행을 다녔지만, 늘 자유 여행만 고집해 왔습니다. 그래서 사실 패키지 여행에 대해서는 선입견과 불신이 가득했습니다. 하지만 다낭에서 임재우 가이드님을 만나 3박 5일 일정을 함께하며 저의 그런 편견은 완전히 깨졌습니다.
여행 첫날, 새벽 1시 20분에 도착해 현지 가이드님과 호텔에 갔는데 가이드님께서 미리 기다리고 계시더라고요. 기본적인 안내를 마친 뒤 빠르게 휴식할 수 있도록 배려해 주신 덕분에 정말 편했습니다. (다른 팀들은 저희보다 훨씬 늦게 도착하더라고요.) 특히 첫날 비행기 타고 오느라 피곤했을 저희를 위해 커피를 사주신 점도 정말 감동이었습니다.
Below is a rendering of the page up to the first error.
' border='0'>
일정 중에도 날씨를 세심하게 고려해 관광지와 선택 관광 순서를 조정해 주시는 모습이 인상적이었습니다. 여행 내내 맑은 날씨가 이어졌는데, 가이드님께서 실내보다는 실외에서 더 알차게 즐길 수 있도록 배안해 주신 덕분에 다낭의 매력을 제대로 느낄 수 있었습니다. 또한, 선택 관광 참여 여부와 상관없이 모든 일행에게 한결같이 친절하게 대해주시는 모습이 정말 좋았습니다.
신년 맞이 기념으로 챙겨주신 선물(거북이 피리, 키링 등)도 정말 감사합니다.
어느 일정 하나 대충 하시는 법이 없었습니다. 패키지 여행 경험이 많으신 저희 어머니께서도 ""이런 가이드님은 정말 만나기 힘들다""고 칭찬하실 정도였으니까요. 저희 가족 모두가 너무 만족하고 편안했던 여행이었습니다. 다음에 기회가 된다면 꼭 다시 임재우 가이드님과 여행하고 싶습니다.
여행 다니면서 찍었던 사진들 올릴게요!!
Below is a rendering of the page up to the first error.
' border='0'>
Below is a rendering of the page up to the first error.
' border='0'>"
ASVNP21386,"다낭/호이안 4/5일, 포포인츠쉐라톤호텔, 오전자유 1회+3대 야경+마켓+카페투어 포함",다낭,5,서*열,2025년 10월 08일,"저희는 처음에 홈쇼핑으로 예약을 했어요.
2인 커플이었는데 해피콜이 안와서 저희가 여행사로 전화를 해서 홈쇼핑 조건과 같이 해준다고 해서 결제를 했습니다.
막상 여행을 갔는데 선택관광이라고 금액도 추가되고 홈쇼핑에서 룸업그레이드(오션뷰) 해준다고 했는데, 업그레이드도 안되어서 실망한 가운데 시작한 여행이었습니다.
게다가 각각 다른 패키지(선택옵션이 다름)의 사람들과 같이 하느라 옵션이 추가되어 비용이 추기되고 선택관광을 선택하지 않으면 그동안 기다려야 하는 등 불편함이 많았지만, 서성훈 가이드님의 배려있는(선택옵션에 빠져있는 카페 음료들을 개인사비로 제공하는) 모습에 오히려 사람다움을 느끼며 기분 좋은 여행을 할수 있었습니다.
오히려 패키지 여행은 처음이어서 저희가 가이드님께 불편을 드린거 같아 죄송한 마음입니다.
패키지 여행이 자유여행에 비해 비용이 더 들수는 있지만, 해외여행의 경험이 많지 않다면 패키지 여행 추천입니다.
그리고 운좋게 서성훈가이드님과 함께 하게 되신다면 정말 운이 좋으신거라 말씀 드리고 싶습니다.
가이드를 선택할 수 있다면 꼭 서성훈가이드님을 선택하고 싶네요.^^
여행은 어디를 가느냐보다 누구와 함께 하는지가 더 중요하다는 것을 다시금 느끼게 해준 서성훈 가이드님과 여행 파트너분들께 감사의 마음을 전합니다.
항상 건강하시고 하시는 모든 일이 잘 되시길 바라겠습니다.^^"
ASVNP21386,"다낭/호이안 4/5일, 포포인츠쉐라톤호텔, 오전자유 1회+3대 야경+마켓+카페투어 포함",다낭,5,박*언,2024년 09월 21일,"오랜만에 다낭 패키지 다녀왔습니다
첨엔 기대안했는데 여행자들을 위해
어딜가도 웨이팅 없이 최대한 덜걷게
끔 섬세하게 이동경로를 짜놓으셔서
매우 알차고 편하게 여행했고
타지에서 케익을 선물 받았는데
이건 진짜 감동입니다 타지에서 케익이라
... 감성이터집니다 감사합니다 가이드님
김 신 우"
ASVNP21386,"다낭/호이안 4/5일, 포포인츠쉐라톤호텔, 오전자유 1회+3대 야경+마켓+카페투어 포함",다낭,5,한*미,2024년 09월 08일,합리적인 가격으로 포 포인츠 호텔에서 숙박하고 쾌적한 버스타고 전 일정 소화하면서 알차게 관광하다가 왔어요.
ASVNP21386,"다낭/호이안 4/5일, 포포인츠쉐라톤호텔, 오전자유 1회+3대 야경+마켓+카페투어 포함",다낭,5,이*종,2024년 09월 07일,가족과 함께한 패키지 여행. 권혁표가이드님과 현지 가이드의 친절하고 세심한 인도로 즐거운 시간 보내고 왔어요
ASVNP21386,"다낭/호이안 4/5일, 포포인츠쉐라톤호텔, 오전자유 1회+3대 야경+마켓+카페투어 포함",다낭,5,김*균,1월 5일,"가족들과 처음으로 해외 패키지 여행을 다녀왔습니다. 저는 그동안 일본을 포함해 5번 넘게 해외여행을 다녔지만, 늘 자유 여행만 고집해 왔습니다. 그래서 사실 패키지 여행에 대해서는 선입견과 불신이 가득했습니다. 하지만 다낭에서 임재우 가이드님을 만나 3박 5일 일정을 함께하며 저의 그런 편견은 완전히 깨졌습니다.
여행 첫날, 새벽 1시 20분에 도착해 현지 가이드님과 호텔에 갔는데 가이드님께서 미리 기다리고 계시더라고요. 기본적인 안내를 마친 뒤 빠르게 휴식할 수 있도록 배려해 주신 덕분에 정말 편했습니다. (다른 팀들은 저희보다 훨씬 늦게 도착하더라고요.) 특히 첫날 비행기 타고 오느라 피곤했을 저희를 위해 커피를 사주신 점도 정말 감동이었습니다.
Below is a rendering of the page up to the first error.
' border='0'>
일정 중에도 날씨를 세심하게 고려해 관광지와 선택 관광 순서를 조정해 주시는 모습이 인상적이었습니다. 여행 내내 맑은 날씨가 이어졌는데, 가이드님께서 실내보다는 실외에서 더 알차게 즐길 수 있도록 배안해 주신 덕분에 다낭의 매력을 제대로 느낄 수 있었습니다. 또한, 선택 관광 참여 여부와 상관없이 모든 일행에게 한결같이 친절하게 대해주시는 모습이 정말 좋았습니다.
신년 맞이 기념으로 챙겨주신 선물(거북이 피리, 키링 등)도 정말 감사합니다.
어느 일정 하나 대충 하시는 법이 없었습니다. 패키지 여행 경험이 많으신 저희 어머니께서도 ""이런 가이드님은 정말 만나기 힘들다""고 칭찬하실 정도였으니까요. 저희 가족 모두가 너무 만족하고 편안했던 여행이었습니다. 다음에 기회가 된다면 꼭 다시 임재우 가이드님과 여행하고 싶습니다.
여행 다니면서 찍었던 사진들 올릴게요!!
Below is a rendering of the page up to the first error.
' border='0'>
Below is a rendering of the page up to the first error.
' border='0'>"
ASVNP21386,"다낭/호이안 4/5일, 포포인츠쉐라톤호텔, 오전자유 1회+3대 야경+마켓+카페투어 포함",다낭,5,서*열,2025년 10월 08일,"저희는 처음에 홈쇼핑으로 예약을 했어요.
2인 커플이었는데 해피콜이 안와서 저희가 여행사로 전화를 해서 홈쇼핑 조건과 같이 해준다고 해서 결제를 했습니다.
막상 여행을 갔는데 선택관광이라고 금액도 추가되고 홈쇼핑에서 룸업그레이드(오션뷰) 해준다고 했는데, 업그레이드도 안되어서 실망한 가운데 시작한 여행이었습니다.
게다가 각각 다른 패키지(선택옵션이 다름)의 사람들과 같이 하느라 옵션이 추가되어 비용이 추기되고 선택관광을 선택하지 않으면 그동안 기다려야 하는 등 불편함이 많았지만, 서성훈 가이드님의 배려있는(선택옵션에 빠져있는 카페 음료들을 개인사비로 제공하는) 모습에 오히려 사람다움을 느끼며 기분 좋은 여행을 할수 있었습니다.
오히려 패키지 여행은 처음이어서 저희가 가이드님께 불편을 드린거 같아 죄송한 마음입니다.
패키지 여행이 자유여행에 비해 비용이 더 들수는 있지만, 해외여행의 경험이 많지 않다면 패키지 여행 추천입니다.
그리고 운좋게 서성훈가이드님과 함께 하게 되신다면 정말 운이 좋으신거라 말씀 드리고 싶습니다.
가이드를 선택할 수 있다면 꼭 서성훈가이드님을 선택하고 싶네요.^^
여행은 어디를 가느냐보다 누구와 함께 하는지가 더 중요하다는 것을 다시금 느끼게 해준 서성훈 가이드님과 여행 파트너분들께 감사의 마음을 전합니다.
항상 건강하시고 하시는 모든 일이 잘 되시길 바라겠습니다.^^"
ASVNP21386,"다낭/호이안 4/5일, 포포인츠쉐라톤호텔, 오전자유 1회+3대 야경+마켓+카페투어 포함",다낭,5,박*언,2024년 09월 21일,"오랜만에 다낭 패키지 다녀왔습니다
첨엔 기대안했는데 여행자들을 위해
어딜가도 웨이팅 없이 최대한 덜걷게
끔 섬세하게 이동경로를 짜놓으셔서
매우 알차고 편하게 여행했고
타지에서 케익을 선물 받았는데
이건 진짜 감동입니다 타지에서 케익이라
... 감성이터집니다 감사합니다 가이드님
김 신 우"
ASVNP21386,"다낭/호이안 4/5일, 포포인츠쉐라톤호텔, 오전자유 1회+3대 야경+마켓+카페투어 포함",다낭,5,한*미,2024년 09월 08일,합리적인 가격으로 포 포인츠 호텔에서 숙박하고 쾌적한 버스타고 전 일정 소화하면서 알차게 관광하다가 왔어요.
ASVNP21386,"다낭/호이안 4/5일, 포포인츠쉐라톤호텔, 오전자유 1회+3대 야경+마켓+카페투어 포함",다낭,5,이*종,2024년 09월 07일,가족과 함께한 패키지 여행. 권혁표가이드님과 현지 가이드의 친절하고 세심한 인도로 즐거운 시간 보내고 왔어요
ASVNP21364,"다낭/호이안 4/5일, 샌드비치리조트, 마사지 3회+마켓투어 3회 힐링여행",다낭,5,김*환,2025년 01월 25일,"처음으로 가족과 함께한 해외여행이라 걱정이 많았는데, 특히 어머님과 함께하는 여행이라 더욱 신중하게 선택한 상품이었습니다. 결과적으로 최고의 선택이었다고 자부합니다.
일정이 여유있게 잡혀있어 어머님께서도 무리없이 즐기실 수 있었고, 매일 제공된 마사지 덕분에 피로도 풀 수 있었습니다. 특히 첫날 오전 자유시간 덕분에 시차적응도 수월했습니다.
호이안 올드타운, 바나힐의 골든브릿지, 미케비치 등 다낭의 주요 명소들을 빠짐없이 둘러볼 수 있었고, 현지 시장 방문으로 베트남의 생생한 문화도 체험할 수 있었습니다. 케이블카, 투본강 투어 등은 아이들에게도 특별한 경험이 되었습니다.
쇼핑도 적절히 배치되어 있어 현지 기념품도 구입할 수 있었고, 무엇보다 가족이 함께하는 첫 해외여행으로 완벽한 상품이었습니다. 가족 모두가 만족한 힐링 여행이었습니다."
ASVNP21364,"다낭/호이안 4/5일, 샌드비치리조트, 마사지 3회+마켓투어 3회 힐링여행",다낭,5,이*정,2025년 01월 19일,"조금 어려움이 있는 청년들과 함께 하는 여행이라 걱정이 많았습니다. 움직임도 조금 느리고 이해도가 낮아 잘 다닐 수 있을까 걱정 반즐거움 반의 여행이었습니다.
일년동안 용돈을 모아 가는 여행이라 선택관광을 한가지 밖에 선택할 수 없어 가이드분에게 조금 미안한 마음을 갖고 있었는데 박상운 가이드님을 만나뵙고 모든 걱정이 사라졌습니다.
저의 상황을 충분히 이해해주시고 다른 여행팀들과 저의 청년들이 잘 어울릴 수 있도록 도움을 주셨습니다. 청년들을 위해 따로 사진도 찍어보내주시고.. 너무 감사했습니다.
한국으로 돌아오는 내내 청년들이 가이드님에 대한 칭찬을 아끼지 않더군요. 저 뿐만 아니라 청년들에게도 인상적이었던 것 같습니다,
날씨가 좋지 않아 베트남의 아름다운 풍경을 제대로 볼 수 없었지만 여행상품에 포함된 내용은 정말 좋았습니다. 마사지도 훌륭했고요. 상품구매도 강요하지 않고 편안한 여행이었습니다. 식사도 호텔도 좋았습니다.
패키지 여행에 대한 걱정이나 우려를 한번에 사라지게 하는 여행이었습니다. 특히 나이가 좀 있으신 분이나 이동에 어려움이 있는 분들에게 강추합니다. 다시 베트남을 가게 되면 또 패키지로 가고 싶을 정도 입니다.
친절하고 섬세한 배려를 아낌없이 보여주신 박상운 가이드님께 다시 한번 감사의 인사를 드립니다"
ASVNP21364,"다낭/호이안 4/5일, 샌드비치리조트, 마사지 3회+마켓투어 3회 힐링여행",다낭,5,이*주,2025년 01월 16일,"다낭에서 친구들과 3박5일힐링여행!!넘 멋찐 다낭 문은호가이드님과 넘귀여운 링가이드님짱짱짱♡♡
처음가는친구들과 두어번가본친구들과해외여행 설레고 기대가 되더라구요.쬐금 걱정도 되었구요^^하지만 두가이드님과 같이 다니니 배려와 멋짐이 뿜어져나오는데 한국오기싫더라구요 ㅎㅎ"
ASVNP21364,"다낭/호이안 4/5일, 샌드비치리조트, 마사지 3회+마켓투어 3회 힐링여행",다낭,5,박*희,2025년 01월 13일,친근하고 편하게 대해주신 가이드님 덕분에 아가들과 편안한 여행을 즐길수 있었어요 저희 딸아이도 잘 챙겨주셨고 이번 베트남 여행이 재방문이라 식상하면 어쩌나 했는데 유머섞인 이야기와 센스는 또 어찌나 짱인지 인간적이고 배려심 또한 가득한 가이드님 덕분에 안전하고 알찬여행 보내고 왔어요 진심 감사해요
ASVNP21364,"다낭/호이안 4/5일, 샌드비치리조트, 마사지 3회+마켓투어 3회 힐링여행",다낭,5,송*란,2024년 12월 20일,"부모님 칠순기념으로 다같이 여행을 떠났습니다^^
매일 날씨를 확인하며 제발 비가 안오길 간절히 바랬지만...비는 왔지요...
호텔은 그랜드 투란! 깔끔하고 직원들도 친절하고 제일 좋았던건 수압이 짱이었어요!!
필터도 가져갔는데 생각보다 물이 깨끗해서 3일동안 한번 바꿔써요!
조식이 맛있어서 부모님들도 잘 드시고 만족스러웠습니다~
둘째날 아침부터 바로 마사지를 받게 되었는데 너무 좋더라구요~ 어제의 피로가 싹 달아났습니다.
가이드님들과 같이 다니는 패키지 분들과 서로 소개하면서 호이안으로 떠났습니다.
자유여행때는 잘 알지못했던 나라들만의 역사와 문화유적
리뷰에서 봤던 우리 가이드님의 수식어는 날씨요정 이었는데 맞는듯?안맞는듯? 했습니다ㅋㅋ
한국관에서 김치찌개 먹었는데 소주를 부르는 맛! 고기가 김치보다 더 많은듯!
비가 와서 안전상의 이유로 틴퉁투어는 못햇어요ㅜㅜ 물이 계속 차 올라서 운동화를 그냥 신고 돌아다녔습니다 애들도 운동화 신고 다닌다고 해서 그래 언제 또 이래보겠니 좋은추억 플러스!
비가 덜와서 야시장에 잠깐 구경하면서 크록스 겟하고 흥정하는거 왜키 재밋냐고욬ㅋㅋ
호텔로 와서 한잔 또 마셔주고 도란도란 얘기하고 둘째날 마무리!
그토록 기다렸던 바나힐!
생각보다 비는 많이 내리진 않았지만 바나힐 정상은 안개로 자욱하고 이슬비처럼 또 내렸다ㅠ
그럼에도 멋있긴 하더라구요 최고!!! 비가 안오면 진짜 얼마나 멋있을까 생각했습니다.
다 날씨요정 가이드님 덕분이죠!!인생사진은 다음 기회에ㅜ
프랑스마을도 포토스팟이 너무 많았지만 애들 놀이기구 태워주러 가야해서 제대로 찍지도 못하고ㅋㅋ
가이드님의 강추로 아오자이 쇼를 보러갔는데 아이들도 집중해서 잘 보고 화려함과 춤 사위에 시간 가는줄 모르고 봤습니다. 공연보는 도중 베트남미남이 갑자기 저희 엄마에게 꽃을 주셔서 깜놀!
알고보니 칠순이라서 가이드님과 짱 가이드님의 센스있는 이벤트!!! 진짜 완전 감동ㅜㅜㅜㅜ
잊지못할 추억을 선물해 주셔서 너무 감사드립니다 ^^
마지막 저녁은 씨푸드로 마무리! 진짜 상차림이 어마무시 했습니다!! 돈이 아깝지 않을 정도이니 꼭 드셔보세요 ^^
마지막 날은 우리아이들이 그톡록 기다렸던 한시장 방문! 패키지의 단점은 시간이 자유롭지 못한거지만 겁나 바쁘게 움직여 몇개 겟햇네요!! 그리고 마지막 마사지를 샤악 받고 보쌈으로 마무리!!
보쌈이 너무 맛있어서 깜놀했어용! 와오
제가 끝으로 마무리를 짓자면...제가 리뷰를 잘 쓰는 사람도 아니고 이렇게 까지 길게 써보기도 처음이네요 그만큼 우리 규영가이드랑 짱 가이드님이 너무 잘해주셔서 감사표시 입니다 ~
3박5일동안 아무일없고 천재지변에 어쩔수 없는 상황이었지만 유두리 있게 일정 조율을 너무 잘해주셔서 프로페셔널 했습니다!! 여행 계획중이신분들 이규영가이드와 짱 가이드님 만나면 그 여행은 성공한거에요ㅋㅋ 엄마아빠가 너무 행복해 하셨던 3박5일이어서 너무 만족하고 뿌듯하네요!"
ASVNP21364,"다낭/호이안 4/5일, 샌드비치리조트, 마사지 3회+마켓투어 3회 힐링여행",다낭,5,김*환,2025년 01월 25일,"처음으로 가족과 함께한 해외여행이라 걱정이 많았는데, 특히 어머님과 함께하는 여행이라 더욱 신중하게 선택한 상품이었습니다. 결과적으로 최고의 선택이었다고 자부합니다.
일정이 여유있게 잡혀있어 어머님께서도 무리없이 즐기실 수 있었고, 매일 제공된 마사지 덕분에 피로도 풀 수 있었습니다. 특히 첫날 오전 자유시간 덕분에 시차적응도 수월했습니다.
호이안 올드타운, 바나힐의 골든브릿지, 미케비치 등 다낭의 주요 명소들을 빠짐없이 둘러볼 수 있었고, 현지 시장 방문으로 베트남의 생생한 문화도 체험할 수 있었습니다. 케이블카, 투본강 투어 등은 아이들에게도 특별한 경험이 되었습니다.
쇼핑도 적절히 배치되어 있어 현지 기념품도 구입할 수 있었고, 무엇보다 가족이 함께하는 첫 해외여행으로 완벽한 상품이었습니다. 가족 모두가 만족한 힐링 여행이었습니다."
ASVNP21364,"다낭/호이안 4/5일, 샌드비치리조트, 마사지 3회+마켓투어 3회 힐링여행",다낭,5,이*정,2025년 01월 19일,"조금 어려움이 있는 청년들과 함께 하는 여행이라 걱정이 많았습니다. 움직임도 조금 느리고 이해도가 낮아 잘 다닐 수 있을까 걱정 반즐거움 반의 여행이었습니다.
일년동안 용돈을 모아 가는 여행이라 선택관광을 한가지 밖에 선택할 수 없어 가이드분에게 조금 미안한 마음을 갖고 있었는데 박상운 가이드님을 만나뵙고 모든 걱정이 사라졌습니다.
저의 상황을 충분히 이해해주시고 다른 여행팀들과 저의 청년들이 잘 어울릴 수 있도록 도움을 주셨습니다. 청년들을 위해 따로 사진도 찍어보내주시고.. 너무 감사했습니다.
한국으로 돌아오는 내내 청년들이 가이드님에 대한 칭찬을 아끼지 않더군요. 저 뿐만 아니라 청년들에게도 인상적이었던 것 같습니다,
날씨가 좋지 않아 베트남의 아름다운 풍경을 제대로 볼 수 없었지만 여행상품에 포함된 내용은 정말 좋았습니다. 마사지도 훌륭했고요. 상품구매도 강요하지 않고 편안한 여행이었습니다. 식사도 호텔도 좋았습니다.
패키지 여행에 대한 걱정이나 우려를 한번에 사라지게 하는 여행이었습니다. 특히 나이가 좀 있으신 분이나 이동에 어려움이 있는 분들에게 강추합니다. 다시 베트남을 가게 되면 또 패키지로 가고 싶을 정도 입니다.
친절하고 섬세한 배려를 아낌없이 보여주신 박상운 가이드님께 다시 한번 감사의 인사를 드립니다"
ASVNP21364,"다낭/호이안 4/5일, 샌드비치리조트, 마사지 3회+마켓투어 3회 힐링여행",다낭,5,이*주,2025년 01월 16일,"다낭에서 친구들과 3박5일힐링여행!!넘 멋찐 다낭 문은호가이드님과 넘귀여운 링가이드님짱짱짱♡♡
처음가는친구들과 두어번가본친구들과해외여행 설레고 기대가 되더라구요.쬐금 걱정도 되었구요^^하지만 두가이드님과 같이 다니니 배려와 멋짐이 뿜어져나오는데 한국오기싫더라구요 ㅎㅎ"
ASVNP21364,"다낭/호이안 4/5일, 샌드비치리조트, 마사지 3회+마켓투어 3회 힐링여행",다낭,5,박*희,2025년 01월 13일,친근하고 편하게 대해주신 가이드님 덕분에 아가들과 편안한 여행을 즐길수 있었어요 저희 딸아이도 잘 챙겨주셨고 이번 베트남 여행이 재방문이라 식상하면 어쩌나 했는데 유머섞인 이야기와 센스는 또 어찌나 짱인지 인간적이고 배려심 또한 가득한 가이드님 덕분에 안전하고 알찬여행 보내고 왔어요 진심 감사해요
ASVNP21364,"다낭/호이안 4/5일, 샌드비치리조트, 마사지 3회+마켓투어 3회 힐링여행",다낭,5,송*란,2024년 12월 20일,"부모님 칠순기념으로 다같이 여행을 떠났습니다^^
매일 날씨를 확인하며 제발 비가 안오길 간절히 바랬지만...비는 왔지요...
호텔은 그랜드 투란! 깔끔하고 직원들도 친절하고 제일 좋았던건 수압이 짱이었어요!!
필터도 가져갔는데 생각보다 물이 깨끗해서 3일동안 한번 바꿔써요!
조식이 맛있어서 부모님들도 잘 드시고 만족스러웠습니다~
둘째날 아침부터 바로 마사지를 받게 되었는데 너무 좋더라구요~ 어제의 피로가 싹 달아났습니다.
가이드님들과 같이 다니는 패키지 분들과 서로 소개하면서 호이안으로 떠났습니다.
자유여행때는 잘 알지못했던 나라들만의 역사와 문화유적
리뷰에서 봤던 우리 가이드님의 수식어는 날씨요정 이었는데 맞는듯?안맞는듯? 했습니다ㅋㅋ
한국관에서 김치찌개 먹었는데 소주를 부르는 맛! 고기가 김치보다 더 많은듯!
비가 와서 안전상의 이유로 틴퉁투어는 못햇어요ㅜㅜ 물이 계속 차 올라서 운동화를 그냥 신고 돌아다녔습니다 애들도 운동화 신고 다닌다고 해서 그래 언제 또 이래보겠니 좋은추억 플러스!
비가 덜와서 야시장에 잠깐 구경하면서 크록스 겟하고 흥정하는거 왜키 재밋냐고욬ㅋㅋ
호텔로 와서 한잔 또 마셔주고 도란도란 얘기하고 둘째날 마무리!
그토록 기다렸던 바나힐!
생각보다 비는 많이 내리진 않았지만 바나힐 정상은 안개로 자욱하고 이슬비처럼 또 내렸다ㅠ
그럼에도 멋있긴 하더라구요 최고!!! 비가 안오면 진짜 얼마나 멋있을까 생각했습니다.
다 날씨요정 가이드님 덕분이죠!!인생사진은 다음 기회에ㅜ
프랑스마을도 포토스팟이 너무 많았지만 애들 놀이기구 태워주러 가야해서 제대로 찍지도 못하고ㅋㅋ
가이드님의 강추로 아오자이 쇼를 보러갔는데 아이들도 집중해서 잘 보고 화려함과 춤 사위에 시간 가는줄 모르고 봤습니다. 공연보는 도중 베트남미남이 갑자기 저희 엄마에게 꽃을 주셔서 깜놀!
알고보니 칠순이라서 가이드님과 짱 가이드님의 센스있는 이벤트!!! 진짜 완전 감동ㅜㅜㅜㅜ
잊지못할 추억을 선물해 주셔서 너무 감사드립니다 ^^
마지막 저녁은 씨푸드로 마무리! 진짜 상차림이 어마무시 했습니다!! 돈이 아깝지 않을 정도이니 꼭 드셔보세요 ^^
마지막 날은 우리아이들이 그톡록 기다렸던 한시장 방문! 패키지의 단점은 시간이 자유롭지 못한거지만 겁나 바쁘게 움직여 몇개 겟햇네요!! 그리고 마지막 마사지를 샤악 받고 보쌈으로 마무리!!
보쌈이 너무 맛있어서 깜놀했어용! 와오
제가 끝으로 마무리를 짓자면...제가 리뷰를 잘 쓰는 사람도 아니고 이렇게 까지 길게 써보기도 처음이네요 그만큼 우리 규영가이드랑 짱 가이드님이 너무 잘해주셔서 감사표시 입니다 ~
3박5일동안 아무일없고 천재지변에 어쩔수 없는 상황이었지만 유두리 있게 일정 조율을 너무 잘해주셔서 프로페셔널 했습니다!! 여행 계획중이신분들 이규영가이드와 짱 가이드님 만나면 그 여행은 성공한거에요ㅋㅋ 엄마아빠가 너무 행복해 하셨던 3박5일이어서 너무 만족하고 뿌듯하네요!"
ASVNP01094,[MD추천/SPA에디션] 다낭/호이안/바나힐 5일 (5성호텔/아쿠아스파 허브볼테라피),다낭,5,장*순,2025년 05월 04일,"최악입니다. 공항에 도착해서 현지가이드를 만났고 호텔로 이동중 어느곳에서 한국인 가이드를 만났어요. 그날은 선택옵션관광을 자기는 강요하지않는다고했고 헤어졌습니다. 다음날 비치에 있는 카페에서 커피한잔씩 사주며 선택옵션관광을 무얼할지 팀별로정하는시간이었는데, 완젼히 강매였어요. 호이안 야경투어 1인당30달라! 저희는 안하고싶다고했더니 이거는 필수라고 배를타고들어가서 이동을해야하기에 필수라고했습니다. 그러면 이건 선택옵션이아니라 필수옵션이지않냐고하니 자기도 모두투어에서 이걸 왜 이렇게해놨는지 이해가안된다며 회사탓을했어요.(결국 배를 타고들어가는건 기본 스케줄에 포함되어있는거였고, 야경투어는 없었고 배를 타고 등뛰운것도 아니고 나무막대기에 등을 올려 강가에 계단밑에내려가 흘려보낸게 끝이었어요. 등 하나 띄우는데 1인당30달라ㅡ정말 눈탱이 대놓고맞은느낌입니다) 그리고 선택관광을 2개선택했더니 다른팀은 1인당 150불에서 200불씩하는데 너무작게한다며 사람무안하게 티를 팍팍내더군요. 너무불편해서 마사지 한번더 선택했어요. 그러고 두번째날 커플이 약속시간보다 2분정도 늦었는데 차에 타자마자 시간약속은 꼭지켜주셔야한다며 늦었으면죄송하다고 인사를하고들어가는게 기본예의라며 민망하게했어요. 이건 맞지만 다음 날 점심식사하고 아주머니들이 식당옆 가게서 모자사고 5분가까이 늦게왔는데 그분들은 물건을 사서 그러는지 늦어도 말한마디안하더라구요.제가느끼기엔 선택관광많이하고 물건많이사면 이쁨 받고 아니면 대놓고 괄시하는느낌이었어요.그리고 두번째 쇼핑에서도 사람들이 많이사지않고 차에타니 한다는말이 가이드는 기본 급여가없다 이렇게 하실거면 자유여행으로 오던지 풀옵션 관광이되어있는 상품으로 오는게 서로에게 좋지않겠냐며 마이크에 대놓고했어요. 그러니 마음약한분들이 미안하다며 오히려 사과를하는 상황이 기가막혔어요. 진짜 가이드는 기본급여가없는지 궁금했네요,그렇다고 사람들한테 이런 무안을줘도되는건지도 궁금하고ㅡ영흥사갈때는 아예 본인은 어딘가에내려서 뭘 준비해야한다며 현지가이드랑만 다녀왔어요. 저녁식사장소에 바로나타나더라구요. 선택관광안하는사람에 대한 예의는 가이드도없었더라구요. 내리기전에 선택옵션하는사람은 들어가고 아닌사람은 어디서 기다리고 몇시까지만나자해야하는데 오히려 관광하는사람이 어디서 기다리냐고 물었죠. 나중에보니 다른가이드는 기다리는데 시간이 걸리니 미안하다며 옆 카페에서 커피를사주던데 그것까진안바래요ㅡㅡ 자기 돈잘벌고 아파트도 비싼거있고 사업도 많이한다던데 기본급없는 가이드는 왜하는건지..참.. 그리고 호이안 야경투어 30달러를 다른 분들도 일부 물어보니 그건 당연히 해야한다고 선택했다며 불평불만을 함께했네요. 저는 이거 꼭 환불받아야겠어요.그리고 인터파크에서 예약했는데 무두투어에 조인해서 진행됐는데 회사에서 잘알아보고 조인하던 말던하셔야죠. 정말 최악이었어요. 이 가이드 덕분에 앞으로 자유여행만가겠습니다."
ASVNP01029,[MD추천/SPA에디션] 다낭/호이안/바나힐 5일 (4성호텔/아쿠아스파 허브볼테라피),다낭,5,이*석,2025년 09월 30일,"딸 셋을 키우는 저희에게 정말 오랜만에 단비 같은 휴가가 발생되어 저희 어머니께 아이들을 잠시 맡겨 두고 둘만의 오붓한 여행을 떠나게 되었습니다.  9월 20일 ~ 9월 24일 의 일정 이었습니다.
최고의 여행을 즐겼다!!  이 말만 남겨 드리고 싶네요.  어디를 방문하고 좋았고 이런 내용을 쓸 필요 없을 것 같습니다.  패키지 투어 이기 때문에 시간에 쫓기며 여행을 하지 않을까라는 평소와는 조금 다른 여행이었기에 불안감이 조금 있었던 것 같습니다.  
김무준 가이드분과 린 가이드분을 만난 건 정말이지 최고의 행운이었던 것 같습니다.
시간에 쫓기지도 않았고 하나하나 세심하게 챙겨주시던 그 섬세함과 친절함을 잊을수가 없네요
정말이지 최고 였던것 같습니다.  9월23일이 와이프의 생일이었습니다. 그냥 슬쩍 밥먹는 와중에 이야기를 했는데 모든 가족의 케이크를 준비해주시고 저희 케이크는 생일 축하한다는 메세지 까지 적어서 준비해주셨더라구~  정말이지 그때의 감동은 잊을 수가 없습니다.  물도 항상 챙겨 주시고 마지막날은 저녁에 공항가시면 배가 고프실수 있다며 모든 가족이 먹을수 있는 반미까지 준비 해주셨고~
너무너무 여유있게 구경하고 피곤하지 않게 시간 분배며 챙겨주시는 모습이 너무나도 좋았습니다.
여행은 정말이지 최고였지만 여지껏 만나본 가이드님중에서 최고이지 않을까 싶습니다.
다낭은 여행가시면 김무준가이드 님과 린 가이드님을 무조건 만나셔야 합니다.
최고의 여행이 되실 겁니다.  이분들 가이드 1등 입니다. 전세계 1등일 겁니다.
항상 응원하겠습니다.  또 뵙고 싶네요~"
ASVNP01029,[MD추천/SPA에디션] 다낭/호이안/바나힐 5일 (4성호텔/아쿠아스파 허브볼테라피),다낭,5,서*은,2025년 05월 03일,"결론 먼저 패키지 였지만 시간에 촉박하게 움직이는 일정이 아니였고 자유시간 넉넉하게 주셔서 충분히 베트남 다낭과 호이안을 구경 할 수 있어서 좋았습니다

여행일정의 큰 틀은 바뀌지 않지만 세부적인 일정은 좀 바뀌는 듯 해요 요건 제 성격상 별로 였지만 패키지라 어쩔수 없는 부분이라 생각 하고 이해 하고 넘길 수 있습니다

선택 관광 안내 된 것 보다 좀 더 있었던 것 같지만
권유는 하셨지만 강요는 없어서 편하게 선택할 수 있게 해주셨고 대기시간시 자유시간으로 활용 할 수 있게 해주셔서 좋았습니다

저희 딸이 낮가림도 있고 편식도 많은 편인데 가이드 삼촌 재밌고 좋았다고 또 담에 저삼촌 만나면 좋겠다고 하더라구요 음식도 괜찮았어요 편식쟁이라 걱정 했는데 잘 먹고 잘 놀고 좋은 추억 남겼습니다

모두투어 정차인 가이드님과 현지 가이드 꾸이? 님 좋은 시간 보낼수 있게 해주셔서 감사합니다"
ASVNP00722,[출발확정][모두좋아한다낭+] 다낭/호이안/바나힐/스톤마사지90분 4박6일 [5성호텔],다낭,5,이*영,2025년 06월 10일,"패키지여행 처음이었는데 정말 신세계고 즐거웠답니다!! 자유여행이었다면 일일이 그랩부르고 입장권 구입 등의 번거로움이 있었을텐데 정~말 편하게 여행하고 왔습니다!! 
(일전에 가족끼리 다낭 자유여행 한 적이 있는데 그때보다 훨씬 더 편하고 좋았어요.)

제공해주신 호텔, 식사도 좋았고 관광지 코스도 딱 좋았어요. 그리고 버스이동 시 짬 날때마다  베트남 역사,문화 관련 들려주신 이야기들도 흥미롭고 좋았답니다.

아 그리고 많이들 궁금해하실 쇼핑센터부분 말씀드리자면 강매, 안사면 분위기 이상해지고 그런거 절대 없었습니다.!! 그런데 정말 물건이 좋아보여서 사고싶어지는 건 많이 있었습니다. 저는 필요한 것들 몇 개 샀고 아주 만족하며 쓰고있습니다~^^

그리고 가이드 분들께서 저희 아이들도 예뻐해주시고 잘 돌봐주셔서 진심으로 감사했습니다. (전양선 가이드님, 써니 가이드님 덕분에 정말 즐거운 여행하고 왔습니다. ^^)"
ASVNP00722,[출발확정][모두좋아한다낭+] 다낭/호이안/바나힐/스톤마사지90분 4박6일 [5성호텔],다낭,5,조*주,2025년 06월 06일,"초딩 아이들과 함께하는 여행이라 정말 고민하다가 인생 첫 패키지 여행을 예약하고 걱정이 많았어요.
일정이 넘 힘들게 강행하면 어쩌나..등등
그런데 고민한것이 무색할만큼 가이드님께서 날씨 그리고 패키지 멤버들의 컨디션 등을 보고 탄력적으로 운영해 주신 덕에 여유롭게 잘 머물다 왔습니다! 베트남도 지금이 한참 여름인 만큼 날씨땜에 덥고 힘들었지 여행상품 자체는 만족했어요~ 아이들이 현지식을 잘 못먹으니 한식이 잘 곁들어 있던것도 만족이고, 개인 여행이었다면 이동할때마다 그랩 부르고 기다리는 시간도 상당했을텐데 그런 부분도 굉장한 이점이라고 생각합니다.! 
이 여행 상품 추천합니다^^"
ASVNP01388,[52만원상당특전포함/노옵션] 다낭/바나힐/호이안/후에 5일 (가성비 5성급호텔/ 아쿠아스파),다낭,5,박*영,2025년 09월 30일,"친구들과 함께한 다낭여행
올해 환갑을 맞아  초등친구들과 다낭으로 여행을 떠냤습니다.
설레는 맘으로 10년전 왔었던 다낭이었는데 강산이 한번 바뀌는 10년이라 기본틀은 그대로지만 변화가 느껴졌고
무엇보다 친구들과 함께여서 더욱좋았고 우리팀을 담당한 김민욱팀장님과 현지가이드인 장국영님을 만난게 행운이었습니다.
여행의 승패는 가이드를 잘 만나야 된다는 속설이 있듯
팀의분위기와 여행의 질을 판가름해주는
김민욱 장국영 두분덕에 푸짐한 볼거리 먹거리와 추억을 한아름 안고 만족한 여행을 할 수 있었습니다.무엇보다 우리 친구들과의 멋진 시간을 추억의 한 페이지로 남길수 있다는것에 고마움을 표합니다
감사드립니다"
ASVNP01388,[52만원상당특전포함/노옵션] 다낭/바나힐/호이안/후에 5일 (가성비 5성급호텔/ 아쿠아스파),다낭,5,조*환,2025년 01월 03일,"요번은 두번째 베트남 여행인데
처음여행때 쇼핑과 옵션등 강요로 여행이 영향이 많아서
노옵션으로 선택하고 시작했는데 요번에 김겸가이드님과 현지가이드 항님이 잘 도와주셔서 행복한 여행이였습니다
쇼핑옵션도 강요전혀없이 부담없이 참여가능했고 
베트남 다낭 이곳 저곳 잘구경하고 식사도 좋았어요
다음에도 인연이 된다면 김겸가이드님 이였으면 좋겠어요^^
강추합니다."
ASVNP21589,"[W트립]다낭/호이안 4일,알란씨호텔,야경투어+오전자유1회+스톤마사지 포함",다낭,5,안*미,2025년 02월 23일,"몸의컨디션에 따라서서가이드해주신 정진성사장님
감사드립니다.
아픈몸 배려햬주셔서서감사드립니다ㆍ."
ASVNP21589,"[W트립]다낭/호이안 4일,알란씨호텔,야경투어+오전자유1회+스톤마사지 포함",다낭,5,권*숙,2024년 06월 03일,"환갑기념으로 떠난 다낭 여행.
전생에 나라를 구했는지 너무 좋은 가이드님을 만나 편안하고 즐거운 여행이었습니다.
같이 여행했던 19명의 일행분들도 한결같이 여유롭고 따뜻한분들이었어요
호텔도 깨끗하고 조식도 만족스럽습니다
여행구성도 알차고 바나힐 미케비치 호이안...또 가고 싶네요
특히 국지은가이드님 너무 멋져요
화끈하고 귀에 쏙 들어오는 역사설명, 우리의 입장에서 먼저 생각해주시고
불편한게 생길 틈을 안주시네^^
최선을 다 하고 진심이으로 대하는 마음이 느껴집니다.
고마웠어요 국지은 가이드님 멋져요
여행많이 다녔지만 인터파크는 첨인데 앞으로는 인터파크로 다닐 려고 합니다
맛있는것도 많이 먹고 소원등도 띄우고,
싸게 잘 다녀왔습니다 아주 만족합니다"
ASVNP21589,"[W트립]다낭/호이안 4일,알란씨호텔,야경투어+오전자유1회+스톤마사지 포함",다낭,5,최*영,2024년 06월 02일,4시간 이상되는 비행후 첫날 푹자고 오전엔 여유롭게 쉬고 수영장까지 갔네요 첫날 첫마사지는 생각보다 좋아 마지막날 마사지도 선택했어요 야경과 골든브릿지 관음상 여러 여행지도 좋았고 맛있는 베트남 음식점도 신중하게 골라 먹게 해준 윤용진 가이드님의 시크한 안내도 넘 맘에 들었어요 함께 여행하면서 좋은 분들도 만나 부담없고 즐거운 여행되었어요 첨 해본 베트남 다 낭여행 넘 만족합니다
ASVNP21589,"[W트립]다낭/호이안 4일,알란씨호텔,야경투어+오전자유1회+스톤마사지 포함",다낭,5,노*숙,2024년 05월 05일,가족여행으로 다녀온 다낭. 21명이 한팀으로 즐겁게다녔어요. 재방이었는데도 갈때마다 떨리고 좋은것 같아요. 날씨가 덥기했지만 날씨가 너무 좋았어요. 특히 바나힐에서 경치가 정말 좋았고 저녁식사때 맥주맛이 최고였어요ㅎㅎ 이재석 가이드님 친절하시고 안경수리도 해주서서 더더 감사했어요. 가족들 모두 만족하는 여행이었습니다. 감사합니다^^
ASVNP21589,"[W트립]다낭/호이안 4일,알란씨호텔,야경투어+오전자유1회+스톤마사지 포함",다낭,5,김*수,2024년 04월 02일,"봄이 깊어가는 시간
이번에는 다낭으로 일정을 정했다 한해6~8번정도 여행을 하지만
여행은 언제 떠나도 나를 위한 힐링이다
이번여행 우리팀4명과 그리고 가족팀7명 11명이 다낭 3박5일간
다낭여행을 하면서
호이안ㆍ바나힐 ㆍ여러곳이 지난번 여행때 보다도 더 편안하고
여유롭다
출발전 인터파크에서 인솔가이드의 이름과 연락처를 보내주기에
가이드평을 검색을 했다
비교적 좋은평이 있어서 이번 여행은 편안할듯 하다고 출발전
일행들에게 알렸다
첫날 다낭에 도착해서 호텔에 도착하니 피곤함이 쌓인다
그래도 첫날여정 오전이 휴식시간이니 마음이 편안하다
점심을 먹고 오행산을 들렸다 호이안으로 가면서 바구니배로 배트남의
정취를 느낀다
호이안의 거리 그리고 홍등 지난시간 호인안 여정보다 이번 여행이 더 편안한듯
김진수 과장님의 선택관광추천이 예상보다 적게 추천 해주셔서
우리팀은 두개정도를 추가로 더 했다
어차피 여행은 나를 위한 힐링의 시간 즐겁게 즐기면서 좋은 추억을
담아가는것이다
바나힐에서 저녁으로 부페를 먹고 늦은시간 호텔에 오기전 두번째
맛사지로 피로를 풀고 여정 이틀째를 보내고
마지막날 저녁 한강유람선에서 좋은 추억을 끝으로 아쉬운 인터파크의 다낭 여정을 정리한다
함께해주신 김진수 과장님 그리고 현지가이드 보미님 함께해주신
여행일정의 팀들에게 감사드립니다~^^
2024년 4월2일 치악산자락에서~^♡^"
ASVNP21589,"[W트립]다낭/호이안 4일,알란씨호텔,야경투어+오전자유1회+스톤마사지 포함",다낭,5,안*미,2025년 02월 23일,"몸의컨디션에 따라서서가이드해주신 정진성사장님
감사드립니다.
아픈몸 배려햬주셔서서감사드립니다ㆍ."
ASVNP21589,"[W트립]다낭/호이안 4일,알란씨호텔,야경투어+오전자유1회+스톤마사지 포함",다낭,5,권*숙,2024년 06월 03일,"환갑기념으로 떠난 다낭 여행.
전생에 나라를 구했는지 너무 좋은 가이드님을 만나 편안하고 즐거운 여행이었습니다.
같이 여행했던 19명의 일행분들도 한결같이 여유롭고 따뜻한분들이었어요
호텔도 깨끗하고 조식도 만족스럽습니다
여행구성도 알차고 바나힐 미케비치 호이안...또 가고 싶네요
특히 국지은가이드님 너무 멋져요
화끈하고 귀에 쏙 들어오는 역사설명, 우리의 입장에서 먼저 생각해주시고
불편한게 생길 틈을 안주시네^^
최선을 다 하고 진심이으로 대하는 마음이 느껴집니다.
고마웠어요 국지은 가이드님 멋져요
여행많이 다녔지만 인터파크는 첨인데 앞으로는 인터파크로 다닐 려고 합니다
맛있는것도 많이 먹고 소원등도 띄우고,
싸게 잘 다녀왔습니다 아주 만족합니다"
ASVNP21589,"[W트립]다낭/호이안 4일,알란씨호텔,야경투어+오전자유1회+스톤마사지 포함",다낭,5,최*영,2024년 06월 02일,4시간 이상되는 비행후 첫날 푹자고 오전엔 여유롭게 쉬고 수영장까지 갔네요 첫날 첫마사지는 생각보다 좋아 마지막날 마사지도 선택했어요 야경과 골든브릿지 관음상 여러 여행지도 좋았고 맛있는 베트남 음식점도 신중하게 골라 먹게 해준 윤용진 가이드님의 시크한 안내도 넘 맘에 들었어요 함께 여행하면서 좋은 분들도 만나 부담없고 즐거운 여행되었어요 첨 해본 베트남 다 낭여행 넘 만족합니다
ASVNP21589,"[W트립]다낭/호이안 4일,알란씨호텔,야경투어+오전자유1회+스톤마사지 포함",다낭,5,노*숙,2024년 05월 05일,가족여행으로 다녀온 다낭. 21명이 한팀으로 즐겁게다녔어요. 재방이었는데도 갈때마다 떨리고 좋은것 같아요. 날씨가 덥기했지만 날씨가 너무 좋았어요. 특히 바나힐에서 경치가 정말 좋았고 저녁식사때 맥주맛이 최고였어요ㅎㅎ 이재석 가이드님 친절하시고 안경수리도 해주서서 더더 감사했어요. 가족들 모두 만족하는 여행이었습니다. 감사합니다^^
ASVNP21589,"[W트립]다낭/호이안 4일,알란씨호텔,야경투어+오전자유1회+스톤마사지 포함",다낭,5,김*수,2024년 04월 02일,"봄이 깊어가는 시간
이번에는 다낭으로 일정을 정했다 한해6~8번정도 여행을 하지만
여행은 언제 떠나도 나를 위한 힐링이다
이번여행 우리팀4명과 그리고 가족팀7명 11명이 다낭 3박5일간
다낭여행을 하면서
호이안ㆍ바나힐 ㆍ여러곳이 지난번 여행때 보다도 더 편안하고
여유롭다
출발전 인터파크에서 인솔가이드의 이름과 연락처를 보내주기에
가이드평을 검색을 했다
비교적 좋은평이 있어서 이번 여행은 편안할듯 하다고 출발전
일행들에게 알렸다
첫날 다낭에 도착해서 호텔에 도착하니 피곤함이 쌓인다
그래도 첫날여정 오전이 휴식시간이니 마음이 편안하다
점심을 먹고 오행산을 들렸다 호이안으로 가면서 바구니배로 배트남의
정취를 느낀다
호이안의 거리 그리고 홍등 지난시간 호인안 여정보다 이번 여행이 더 편안한듯
김진수 과장님의 선택관광추천이 예상보다 적게 추천 해주셔서
우리팀은 두개정도를 추가로 더 했다
어차피 여행은 나를 위한 힐링의 시간 즐겁게 즐기면서 좋은 추억을
담아가는것이다
바나힐에서 저녁으로 부페를 먹고 늦은시간 호텔에 오기전 두번째
맛사지로 피로를 풀고 여정 이틀째를 보내고
마지막날 저녁 한강유람선에서 좋은 추억을 끝으로 아쉬운 인터파크의 다낭 여정을 정리한다
함께해주신 김진수 과장님 그리고 현지가이드 보미님 함께해주신
여행일정의 팀들에게 감사드립니다~^^
2024년 4월2일 치악산자락에서~^♡^"
ASVNP21862,"다낭/호이안,25년 오픈 5성급 코트야드메리어트,NO옵션,스톤마사지+3대야경투어",다낭,5,조*관,2월 25일,"가이드님(김성현 과장)께서 너무 친절하시고 여유있게 진행하셔서 편안하게 즐거운 여행이 되었네요 ~~
다음에도 기회가 된다면 다시 만나고 싶어요.
5일동안 수고 많으셨습니다 ~~"
ASVNP21862,"다낭/호이안,25년 오픈 5성급 코트야드메리어트,NO옵션,스톤마사지+3대야경투어",다낭,5,김*안,2월 12일,"국내여행만 다녔던 친구들과 처음으로 해외여행을 가게 되었습니다. 가기 전 걱정도 많았는데, 날씨도 너무 좋았고 다낭과 호이안을 알차게 여행할 수 있어서 좋았습니다. 유홍열 가이드님과 현지 가이드이신 린 가이드님! 두 분 덕분에 더더욱 즐거운 시간 보낼 수 있었습니다. 호텔도 만족스러워서 여러모로 좋은 여행이었습니다."
ASVNP21862,"다낭/호이안,25년 오픈 5성급 코트야드메리어트,NO옵션,스톤마사지+3대야경투어",다낭,5,정*영,1월 29일,"우기인데도 저희가 다니는 동안 비를 맞아본적이 없네요
제가 날씨 요정이라 그런가봐요 ㅎㅎ
3박5일동안 빡센 일정 어찌 소화할까 걱정했는데
가이드님을 잘 만나서 스무스하게 일정 다 소화했습니다
저희가 원하는 시장도 데려가주시고 중간중간 자유시간도 주시고
식사는 어쩜 그렇게 딱 배고플 때 맞춰서 식당에 도착하는지
밥도 너무 맛있었고 현지식, 한국식 모두 정말 맛있었어요
(3키로 쪄서 왔답니다^^)
그저 관광여행이 아니라 같이 온 사람들과 가족과 인생에 대해
돌아볼 수 있는 시간이었어요 그동안 익숙함에 속아 소중함을
모르고 지냈는데 다시 깨닫게 되는 소중한 시간이었네요.
가이드님이 추천해주신 Hello,Vietnam 노래
제 플레이리스트에 오래도록 남을 거에요.
(참, 숙소 정말 컨디션 최고였고 조식도 너무 맛있었습니다!!)
잊지못할 다낭 여행 선물해주셔서 감사해용 ??"
ASVNP21862,"다낭/호이안,25년 오픈 5성급 코트야드메리어트,NO옵션,스톤마사지+3대야경투어",다낭,5,양*철,1월 12일,친절하고 발빠른 가이드님 덕분에 지루하지않고 효율적으로 진행되어 유익한 여행되었습니다
ASVNP21862,"다낭/호이안,25년 오픈 5성급 코트야드메리어트,NO옵션,스톤마사지+3대야경투어",다낭,5,송*호,2025년 12월 30일,"오랜만에 와이프랑 둘이서 베트남 다낭을 다녀왔습니다.
우기이다 보니 비가 오기도 하고 흐리기도 하고, 해가 나기도하는 변화 무쌍한 날씨였네요.
해만 쨍쨍한 날보다는 덥지도 않고, 여행하기는 오히려 좋았구요.
코트야드 메리엇 호텔에서 잠도자고 아침 조식도 즐겼는데, 최근에 완공한 5성급 호텔이어서
시설도 좋았고, 무엇보다 아침 조식이 다양하고 맛있어서 너무 좋았네요.
여행중에 점심과 저녁 식사들도 좋았지만, 와이프는 호텔 조식이 제일 좋았다고 하더라구요.
아시는바대로 다낭은 여행하기 좋은 곳이 많고 다양해서 하루하루 시간가는 줄 모르고 여행을 즐겼네요.
후회없이 즐겁고 편안한 여행을 즐기기에 너무 적합한 여행패키지라 생각이 됩니다.
물론 베트남 현지 가이드분과 김민수대리님 두분이 너무 편안하게 해 주신 것이 5할입니다.
다음에도 이런 패기지 기회가 있다면 참여할 예정입니다.
수고 하세요."
ASVNP21862,"다낭/호이안,25년 오픈 5성급 코트야드메리어트,NO옵션,스톤마사지+3대야경투어",다낭,5,조*관,2월 25일,"가이드님(김성현 과장)께서 너무 친절하시고 여유있게 진행하셔서 편안하게 즐거운 여행이 되었네요 ~~
다음에도 기회가 된다면 다시 만나고 싶어요.
5일동안 수고 많으셨습니다 ~~"
ASVNP21862,"다낭/호이안,25년 오픈 5성급 코트야드메리어트,NO옵션,스톤마사지+3대야경투어",다낭,5,김*안,2월 12일,"국내여행만 다녔던 친구들과 처음으로 해외여행을 가게 되었습니다. 가기 전 걱정도 많았는데, 날씨도 너무 좋았고 다낭과 호이안을 알차게 여행할 수 있어서 좋았습니다. 유홍열 가이드님과 현지 가이드이신 린 가이드님! 두 분 덕분에 더더욱 즐거운 시간 보낼 수 있었습니다. 호텔도 만족스러워서 여러모로 좋은 여행이었습니다."
ASVNP21862,"다낭/호이안,25년 오픈 5성급 코트야드메리어트,NO옵션,스톤마사지+3대야경투어",다낭,5,정*영,1월 29일,"우기인데도 저희가 다니는 동안 비를 맞아본적이 없네요
제가 날씨 요정이라 그런가봐요 ㅎㅎ
3박5일동안 빡센 일정 어찌 소화할까 걱정했는데
가이드님을 잘 만나서 스무스하게 일정 다 소화했습니다
저희가 원하는 시장도 데려가주시고 중간중간 자유시간도 주시고
식사는 어쩜 그렇게 딱 배고플 때 맞춰서 식당에 도착하는지
밥도 너무 맛있었고 현지식, 한국식 모두 정말 맛있었어요
(3키로 쪄서 왔답니다^^)
그저 관광여행이 아니라 같이 온 사람들과 가족과 인생에 대해
돌아볼 수 있는 시간이었어요 그동안 익숙함에 속아 소중함을
모르고 지냈는데 다시 깨닫게 되는 소중한 시간이었네요.
가이드님이 추천해주신 Hello,Vietnam 노래
제 플레이리스트에 오래도록 남을 거에요.
(참, 숙소 정말 컨디션 최고였고 조식도 너무 맛있었습니다!!)
잊지못할 다낭 여행 선물해주셔서 감사해용 ??"
ASVNP21862,"다낭/호이안,25년 오픈 5성급 코트야드메리어트,NO옵션,스톤마사지+3대야경투어",다낭,5,양*철,1월 12일,친절하고 발빠른 가이드님 덕분에 지루하지않고 효율적으로 진행되어 유익한 여행되었습니다
ASVNP21862,"다낭/호이안,25년 오픈 5성급 코트야드메리어트,NO옵션,스톤마사지+3대야경투어",다낭,5,송*호,2025년 12월 30일,"오랜만에 와이프랑 둘이서 베트남 다낭을 다녀왔습니다.
우기이다 보니 비가 오기도 하고 흐리기도 하고, 해가 나기도하는 변화 무쌍한 날씨였네요.
해만 쨍쨍한 날보다는 덥지도 않고, 여행하기는 오히려 좋았구요.
코트야드 메리엇 호텔에서 잠도자고 아침 조식도 즐겼는데, 최근에 완공한 5성급 호텔이어서
시설도 좋았고, 무엇보다 아침 조식이 다양하고 맛있어서 너무 좋았네요.
여행중에 점심과 저녁 식사들도 좋았지만, 와이프는 호텔 조식이 제일 좋았다고 하더라구요.
아시는바대로 다낭은 여행하기 좋은 곳이 많고 다양해서 하루하루 시간가는 줄 모르고 여행을 즐겼네요.
후회없이 즐겁고 편안한 여행을 즐기기에 너무 적합한 여행패키지라 생각이 됩니다.
물론 베트남 현지 가이드분과 김민수대리님 두분이 너무 편안하게 해 주신 것이 5할입니다.
다음에도 이런 패기지 기회가 있다면 참여할 예정입니다.
수고 하세요."
ASVNP10849,[MD추천/SPA에디션] 다낭/호이안/바나힐+1일자유 6일 (4성호텔/아쿠아스파 허브볼테라피),다낭,5,김*림,2025년 06월 19일,"가족과함께 ~베트남~다낭여행~♡
4박6박을 ~보냈네요~!
다양한 체험활동&아로마스톤마사지&
아오자이쇼&바나힐투어&호이안투어&영흥사&핑크성당&아쿠아스파&마블마운틴&한강유람선&바구니배&맛집투어등등~!
친절한 이동섭부장님&현지인 가이드님등등~너무~수고하셨습니다.
항상건강 관리 & 행복하세요~♡"
ASVNP00928,[노쇼핑/노옵션/노팁] 다낭/호이안/바나힐 5일 (시내 5성 호텔),다낭,5,윤*미,2025년 08월 17일,"친구부부 휴가기간에 맞춰 함께한 동반여행 기대반 걱정반으로 패키지를 선택해 다녀온 베트남 여행.
가이드 심승현과장님과 로컬가이드 조나단을 만나 너무나 즐겁고 행복한 여행을 할수 있었습니다.
일정이 너무 힘들지 않을까 하는 걱정이 많았는데 편안하고 여유로운 일정으로 인해 즐겁게 여행할수 있었고 베트남 문화를 체험할수 있는 행복의 장이 였습니다.
다음에도 또 베트남을 여행하는데 거리낌 없이 방문할수 있을거 같습니다.
즐거운 여행이 될수 있도록 많은 도움을 주신 심승현 과장님과 로컬가이드 조나단 님께 감사드립니다."
ASVNP00750,[$220상당특전/노옵션] 다낭/호이안/1일선택 3박4일 [미케비치 4성/휴양형],다낭,5,강*아,2025년 03월 18일,너어무 별로였어요 바나힐을 토요일 일정에 넣어서 9시쯤 도착해서 정상에 올라가니 10시반이였고 일정에 있는 대성당도 일요일에 잡아서 미사때문에 안에 들어가지도 못하더라구요 베트남 왔는에 씨푸드는 하나도 없고 명동식당 거기는 진짜 최악.... 식사가 하나같이 다 맛없었어요 반쎄오도 다 만들어져있어서 눅눅하기만하고.. 바나힐 입장할때 주는 맥주쿠폰도 저희가 처음온곳을 알아듣지도 못하는데 알아서 챙겨야 하나요? 그런거 챙겨줄 생각도 안하고 왜이렇게 본인 사적인 얘기를 많이 하시는걸까요... 제가 그 분이 장모님한테 결혼승낙받은 횟수까지 알아야하는건가요.. 그리고 비행기 시간이 15:30에서 15:10으로 당겨진거는 말을 안해주는건가요? 이렇게 대충하는 가이드 처음봤어요.... 너무 별로였습니다. 쇼핑센터야 갈 수 있지만 자꾸 못나가게 하는것도 너무 별로네여. 소수인원이라 그런건지 패키지중에 최악..... 김금환가이드님... 담엔 더 열정으로 하시면 좋겠네요...
ASVNA00531,나트랑 자유 5일 (멜리아빈펄캄란비치리조트-2베드룸풀빌라가든뷰),나트랑,5,정*경,2025년 09월 02일,에어텔이지만 픽업샌딩 다해줘서 편하고 좋았어요!!리조트도 조용하고 직원들 다 친절하고 덕분에 즐겁게 여행하고왔습니다~
ASVNA00085,나트랑 자유 5일 (멜리아빈펄캄란비치리조트-2베드룸풀빌라가든뷰),나트랑,5,이*탁,2025년 02월 20일,"대가족11명 예약하고 갔어요
어른부터 아이들까지 너무 만족했습니다
리조트 컨디션도 좋았고 숙소 깔끔하고 
2층인데 그림같은 숙소입니다
방방마다 에어컨설치되어있고 화장실4개
침대도 방마다 있고 개인풀장에서 아이들이 종일
물놀이하고 해변도가깝고 저희는 레이크뷰엿지만
로비나 해변이나 어딜가든 룸에서 콜하면 툭툭이라고
전기카트가 언제든지 금방 옵니다 
리조트규모가 크고 직원들 모두 친절합니다
약간에 한국말도 대부분하고 영어조금하시면 아무
불편함 없어요 
투어나 관광시에 교통편 예약도 다 해주고
기대이상입니다"
ASVNP00301,[60만원상당특전포함/노옵션] 나트랑/달랏 5일(특급호텔/ 아쿠아스파),나트랑,5,김*진,2025년 02월 07일,"이번엔 날씨도 넘 좋아서  26명의 연합으로 일정이 진행 되엇지만 넘 분위기 조코 이반장님 이재명 부장님의
가이드로 줄도 많이 서지않고 역사 얘기도 마니 해주시고 일사천리로 진행하는 모습에 감동 받았어요 기회되면 10명이상 가이드 지정해서 가고파요 ^~^ 
날씨복 있는 이번 여행 나트랑 달랏 
좋은 추억 만들어주심에 감사합니다"
ASVNA19303,나트랑 자유 5일 (아미아나 깜란 리조트-디럭스룸씨뷰),나트랑,5,김*경,2025년 09월 02일,"태교여행으로 편하게 가려고 에어텔로 예약했으나 
인터파크 예약 담당자 과실로 확정서에 이티켓을 누락하여 수속을 못할뻔 하고 
공항 수속대에 두시간 반동안 서서 대기함 
해당직원 출근할 때까지 식은 땀 흘리면서 기다림 시작부터 최악이였음.
새벽 비행기였으면 아에 비행기를 못탔음 9시40분 비행기라 
8시반에 출근해서 이티켓을 보내줘서 수속마감 10분 남기고 수속하고 뛰어 들어감."
ASVNP00242,[58만원상당특전포함/노옵션] 나트랑x무이네 5일 (준특급호텔/호핑투어/사막투어),나트랑,5,김*옥,2025년 01월 13일,"이번 여행은 인터파크투어에서 예약한 타사(M사) 상품이었지만, 여러모로 아쉬움이 많이 남는 여행이었습니다. 여행 중 도난 사건이 발생하여 도움을 요청했지만, 현장에서 기대했던 만큼의 지원을 받지 못했습니다.

특히, 고객센터에서 ""가이드를 따르라""고 안내했음에도 불구하고, 현장에서 가이드의 태도는 문제 해결에 큰 도움을 주지 못했습니다. 도난 사건 해결을 위해 결국 개인적으로 통역사를 고용하고 영사관과 연락해 경찰 신고를 진행해야 했습니다. 여행사가 제공해야 할 지원을 고객이 직접 해결해야 했던 상황은 매우 실망스러웠습니다.

또한, 도난 사건의 심각성에도 불구하고 현지 언어 소통이나 문제 해결 과정에서 부족함을 느낄 수 있었습니다. 풀패키지 여행을 선택한 이유는 이런 어려운 상황에서도 도움을 받을 수 있으리라는 기대 때문이었으나, 이번 여행에서는 그러한 기대가 충족되지 못했습니다.

인터파크투어에서 예약했더라도, 이 상품은 타사에서 운영하는 만큼, 여행사를 선택하실 때 이러한 점을 참고하시길 바랍니다. 이번 경험은 저와 가족에게 큰 아쉬움을 남겼으며, 재이용은 고려하지 않을 것 같습니다."
ASVNP00162,[단독럭셔리스파/사막+호핑투어] 무이네X나트랑 3박5일[4성],나트랑,5,김*희,2025년 04월 10일,"참 아쉬운 여행이였어요..
마지막날 쇼핑몰을 3군데 몰아서 가서.. 하루종일 아무것도ㅠ안하고 쇼핑몰만 다녔네요.. 너무 아까운 하루……3박5일인데.. 하루를…..
다만, 선택관광 선택을 했는데요~
씨푸드(랍스타한마리) , 안마(1시간반), 지프차투어1,2 
선택관광에 대한 아쉬움이 너무 많이
남은 여행이였어요….
여행을 개인적으로 많이 다녔는데요(45개국)..
씨푸드 인당90달러씩 내서.. 좀 기대했습니다.. 베트남이니.. 근데 현지레스토랑이구.. 랍스타 한마리 제대로 나오고.. 나머지부분은..반찬형태입니다..
안마도.. 60달러씩인데.. 동네 마싸지샵이고.. 시설도 떨어지고.. 전후써비스도 .. 가격을
현지마싸지보다 2배이상 내고 가는건데:.. 참 많이 아쉬웠습니다.."
